lClass,facilName,majorSeq,mClass,totalCount
교육계열,"가정교육과,소비자생활문화산업학과,소비자주거학과,소비자주거학전공,실과교육과(심화전공)",10006,가정교육과,304
의약계열,"간호대학,간호전공,간호학과,간호학과(4년제),간호학과(김해),간호학과(야간),간호학과(특별과정),간호학부,간호학부 간호학과,간호학부(간호학전공),간호학전공,간호헬스케어학과,글로벌건강간호학전공",10,간호학과,304
예체능계열,"건강관리학과,건강보건대학,건강운동관리학과,건강증진학과,미용건강관리학과,스마트헬스케어학과,스포츠건강관리학과,요가명상학과,운동건강관리,운동건강관리전공,운동건강관리학과,운동건강학부,체육학부 건강운동관리전공,통합건강관리학과,한방건강관리학과,한방건강약선학과,헬스케어학과",11,건강관리학과,304
교육계열,건설공학교육과,21002,건설공학교육과,304
공학계열,"건설공학과,건설공학부,건설기술학,건설방재공학과,건설방재공학부,건설방재공학부 건설방재공학전공,건설방재공학부 건설환경공학전공,건설융합학부 건축공학전공,건축・인테리어디자인학과,건축・토목공학과(건축공학심화트랙),건축・토목공학부 건축공학전공,건축・해양건설융합공학부,건축·토목·환경공학부,건축·토목공학과,건축공학(4년제),건축공학ㆍ토목공학ㆍ환경공학ㆍ식품공학ㆍ조경학자율전공학부,건축공학과,건축공학부,건축공학부 건축공학전공,건축공학부(4년제),건축공학전공,건축기계설비공학과,건축도시시스템공학과,건축도시시스템공학전공,건축도시토목공학부(건축공학전공),건축시스템공학과,건축시스템공학전공,건축시스템전공,건축안전공학과,건축인테리어디자인학과,건축토목공학과,건축토목공학부,건축학・건축공학전공,건축학과(건축공학전공),건축학부 건축공학전공,건축학부(건축공학전공),건축학부건축공학전공,그린스마트건축공학과,도시공학부,부동산건설학부,설비공학과,스마트건축공학과,스마트공학부 건축토목공학전공,스마트시티건축공학과,융합건설시스템학과,인간환경융합공학부 건축공학과,창의공학부",17,건축공학과,304
공학계열,"건설공학부 건축학전공,건설융합학부,건설융합학부 건축학전공,건축공간디자인학과,건축공학부 건축디자인전공(5년제),건축공학부 건축학전공(5년제),건축과,건축도시부동산학부,건축도시설계전공(5년),건축디자인과(5년제),건축디자인전공,건축사회환경공학부,건축설계전공,건축설계학전공,건축소방안전학과,건축인테리어학과,건축플랜트학과,건축학,건축학(5년제),건축학과,건축학과 건축학전공(5년제),건축학과(4),건축학과(4년제),건축학과(5),건축학과(5년),건축학과(5년제),건축학과(건축학전공(5년)),건축학부,건축학부 건축학전공,건축학부 건축학전공(5년제),건축학부 실내건축전공,건축학부 실내건축학전공,건축학부 전통건축전공(5년제),건축학부(건축학전공),건축학부(건축학전공/전통건축전공) (5년제),건축학부건축학전공,건축학전공,건축학전공(5년),건축학전공(5년제),공간디자인・소비자학과,공간디자인융합기술학과,공간디자인융합기술학부,공항건축전공,도시건축학부,도시건축학전공,디자인ㆍ건축공학부,디자인건축융합학부,스마트시티건축학전공,스마트융합공학부 건축IT융합전공,스마트융합공학부 지속가능건축융합전공,스마트플랜트공학과,실내건축학과,실내건축학전공,의료건축디자인공학과,전통건축학과,주거환경전공,주거환경학과,주거환경학전공,한옥건축학과,한옥학과,해양・플랜트건설공학과,해양건설공학과,해양건설시스템공학과,해양공간건축학과,해양공간건축학부,환경ㆍ토목ㆍ건축학과",20,건축학과,304
공학계열,"Game Development학과,SW융합학부 게임전공,게임VR학과,게임공학과,게임공학전공,게임디자인학과,게임소프트웨어공학과,게임소프트웨어전공,게임소프트웨어학과,게임애니메이션공학전공,게임애니메이션전공,게임애니메이션학과,게임전공,게임콘텐츠학과,게임학과,게임학부 게임소프트웨어전공(공학계),디지펜게임공학과,디지펜게임공학전공,아트&테크놀로지학과,컴퓨터.게임융합학과,컴퓨터.게임학과,테크노미디어융합학부 게임멀티미디어전공",21,게임공학과,304
사회계열,"AI부동산빅데이터학과,IT경영정보학과,경영빅데이터학과,경영정보・AI비즈니스학과,경영정보전공,경영정보학과,경영정보학부,경영정보학전공,경영학부(경영정보학전공),국제경영정보학과,국제산업정보전공,복지경영학과,빅데이터경영학과,산업정보융합학부,인터넷경영정보학전공,회계세무・경영정보학부",10139,경영정보학과,304
사회계열,"AI경영학과,AI기술경영융합전공,AI빅데이터융합경영학과,AI융합경영학과,Department of International Business,Dept. of Global Business,EMU경영학부,ESG경영학과,FTA국제학부 국제경영전공,G2빅데이터경영학과,Global Business & Technology전공,Global Business & Technology학부,Global Business Administration학과,HRD학과,IBT학과,International Business 전공,IT경영전공,IT경영학,IT경영학과,IT경영학전공,IT비즈니스학과,IT융합경영학과,K-뷰티비즈니스전공,K-인터넷비즈니스경영학과,SW융합학부 SW융합경제경영전공,가족자원경영학과,경영,경영・통상・복지학부,경영·회계학부,경영ㆍ미디어계열,경영ㆍ부동산전공,경영경제대학,경영경제데이터산업학부 IT경영데이터분석전공,경영경제데이터산업학부 금융경제데이터분석전공,경영경제학부,경영경제학부 경영학전공,경영경제학부 경제학전공,경영경제학부 국제경영학전공,경영계열,경영공학부,경영과학부,경영관광회계학부,경영관리자율전공학부,경영관리전공,경영대학,경영인텔리전스학과,경영전공,경영학,경영학과,경영학과(경영학전공),경영학과(글로벌테크노경영전공),경영학과2,경영학부,경영학부 (IT경영전공),경영학부 경영학전공,경영학부(경영전공),경영학부(경영학),경영학부(경영학전공),경영학부(글로벌경영학),경영학부(글로벌금융전공),경영학부(데이터사이언스경영전공),경영학부(인문사회),경영학전공,경영학전공 트랙,경영학전공(야간),골프경영학과,공연기획경영학과,국제경영전공,국제경영학과,국제경영학부,국제경영학전공,국제마케팅전공,국제마케팅학과,국제무역·마케팅학부,국제비즈니스학부,글로벌 IT 경영전공,글로벌MICE전공,글로벌경영전공,글로벌경영학과,글로벌경영학과(경영전공),글로벌경영학과(정원외),글로벌경영학부,글로벌경영학전공,글로벌리더십학부,글로벌리더학부,글로벌문화산업학과,글로벌미래경영학과,글로벌비서경영학과,글로벌비서학과,글로벌비즈니스,글로벌비즈니스전공,글로벌비즈니스학,글로벌비즈니스학과,글로벌비즈니스학부,글로벌스포츠산업학부,글로벌창업전공,글로벌통상경영학과,글로벌프론티어학과,글로벌호텔매니지먼트학과,글로벌휴먼경영전공,금융경영전공,기술경영학과,기술경영학부,기업경영전공,기업경영학과,기업경영학부,기업컨설팅학과,도시경제부동산학과,디자인ㆍ예술경영학부,디자인경영융합학부,디지털경영전공,디지털경영학과,디지털경영학부,디지털기술경영학과,리더십과조직과학전공,마이스터경영학과,마케팅ㆍ경영학부,마케팅비즈니스학과,마케팅빅데이터학과,마케팅정보컨설팅학과,마케팅커뮤니케이션테크놀로지융합전공,마케팅학과,마케팅학전공,문화경영학과,문화디자인경영전공,문화산업경영학과,문화산업전공,문화예술경영전공,물류비즈니스학과,미디어경영학과,미래경영학과,미래융합경영학과,미래융합학부,미술경영전공,미주비즈니스학과,벤처경영학과,병원경영학과,복지경영학과,부동산경영학과,부동산학과,부동산학전공,비즈니스컨설팅학과,비즈니스통계학과,비즈니스학부,비즈니스혁신학부,빅데이터경영공학부,빅데이터경영통계전공,빅데이터융합전공,빅데이터인문경영융복합전공,사회경영대학,사회적경제기업학과,사회적기업학과,사회혁신융복합전공,산업경영학과,상경계열,상경학부 국제경영(중국·일본)전공,상경학부 글로벌경영전공,서비스경영전공,서비스경영학과,서비스경영학부,솔브릿지경영학부,수산경영학과,스마트경영학부,스마트비즈니스학과,스타트업융복합전공,스타트업창업투자학전공,실버문화경영학과,실버산업학과,실용경영학부,아트앤테크놀로지전공,안보경영학과,엔터테인먼트학전공,영상비즈니스과,온라인커머스학과,웰니스경영학과,유통경영전공,유통경영학과,융합경영전공,융합경영학과,융합경영학부,융합경영학부 경영학전공,융합경영학부 글로벌융합비즈니스학과,융합경영학부 마케팅・애널리틱스전공,융합자율전공학부,응용AI융합학부,의료경영학과,의료산업경영학과,이벤트/컨벤션학전공,인도비즈니스학과,자산관리학과,자산운용학과,재테크ㆍ마케팅학과,정보・전자상거래학부,정보경영학과,정보경영학부,정보경영학전공,주얼리디자인비즈니스학과,중국비즈니스학과,지식경영학부,지식서비스경영학과,지역소상공비즈니스,차문화경영학과,차이나데이터큐레이션전공,창업투자경영학과,창의기술경영전공,철도경영 ・ 물류 ・ 데이터사이언스학부,철도경영・물류학과,철도경영・물류학전공,철도경영학과,청도인적자원개발학과,축산경영ㆍ유통경제학전공,커리어플러스학부 부동산금융재테크전공,헬스케어전공,테크노경영학과,파이낸스경영학과,패션비즈니스학과,표준ㆍ지식학과,프로네시스융합학부,핀텍경영학과,한중비즈니스학과,항공경영학과,해양경영경제학부(해양정보・금융전공),해양경영경제학부(해운경영전공),해양수산경영경제학부,해양수산경영학과,해양수산경영학전공,해양플랜트운영학과,해운경영학부,해운항만경영학과,혁신경영학과,휴먼서비스학과,휴먼융합서비스학부(스마트비즈니스전공),휴먼케어창의학부(자산관리ㆍ6차산업학전공)",23,경영학과,304
사회계열,"경제·정보통계학부,경제금융,경제금융물류학부,경제금융보험학과,경제금융자산관리학과,경제금융전공,경제금융학과,경제금융학부,경제금융학부(경제금융전공),경제금융학부(경제통상전공),경제금융학전공,경제대학,경제무역학부(경제학전공),경제산업학부,경제정책학전공,경제통계학부,경제통상학부 경제학전공,경제학,경제학과,경제학부,경제학부 경제학전공,경제학전공,경제학전공 트랙,국제경제학과,국제무역ㆍ경제금융학부(경제금융전공),글로벌경제학과,글로벌비즈니스학부(경제학전공),금융부동산경제학과,무역경제학부 경제금융학전공,부동산경제금융학과,사회적경제학과,산업경제학과,산업응용경제학과,소비자경제학과,신산업융합학과,신산업융합학부,언더우드 경제학전공,자원환경경제학전공,중국경제통상학과,중국경제통상학전공,지역경제전공,지역경제학과,해양경영경제학부(경제전공),행정경제학과군,행정경제학부,행정경제학부(경제학전공),환경자원경제학과",25,경제학과,304
사회계열,"경찰・법・행정학부,경찰・소방학과,경찰・안보학과,경찰・행정학부,경찰.공공행정학부,경찰·소방행정학부,경찰ㆍ행정학과,경찰경호학과,경찰경호학전공,경찰과학수사학과,경찰범죄심리학과,경찰범죄심리학전공,경찰보안전공,경찰소방전공,경찰소방학과,경찰소방학부(경찰행정전공),경찰정보보안학과,경찰정보보호학부(경찰행정전공),경찰탐정수사학전공,경찰탐정학과,경찰학과,경찰학부,경찰학부 경찰행정학전공,경찰학부(경찰행정학전공),경찰학부(자치경찰학전공),경찰학전공,경찰행정ㆍ범죄심리학과,경찰행정법학과,경찰행정전공,경찰행정학과,경찰행정학부,경찰행정학부 경찰행정전공,경찰행정학부 국방ㆍ일반행정전공,경찰행정학부(경찰행정전공),경찰행정학부(해양경찰전공),경찰행정학전공,공공경찰행정학과,국방경찰학과,국방경찰행정학부,범죄수사학전공,법・경찰행정학부,법경찰행정학부,사이버경찰학과,사이버보안경찰학과,사이버수사경찰학부,탐정전공,행정·경찰학과,행정경찰공공학과,행정경찰학부",27,경찰행정학과,304
예체능계열,"경호무도학과,경호무도학전공,경호보안전공,경호보안학과,경호보안학전공,경호비서학과,경호전공,경호학과,무도경호학과,무도경호학과(신),무도경호학부,무도학부 무도경호전공,무예경호학과,스포츠경호무도학과,스포츠경호학과,스포츠경호학부,시큐리티매니지먼트학과,태권도ㆍ경호탐정학과,태권도경호학과,항공보안경호학부,항공보안학전공",10041,경호학과,304
인문계열,"고고・미술사학과,고고미술사학과,고고미술사학전공,고고학과,역사고고학과,역사문화학과,역사문화학부 고고미술사학전공,역사학과,역사학부,융합고고학과,인문콘텐츠학부 역사콘텐츠학과",29,고고학과,304
공학계열,"[화학소재]고분자공학전공,고분자·화학공학부(고분자공학전공),고분자공학과,고분자공학전공,고분자나노공학과,고분자시스템공학부,고분자시스템공학부 고분자공학전공,고분자시스템공학부 파이버융합소재공학전공,고분자융합소재공학부,나노・신소재공학부(고분자공학전공),나노고분자공학전공,나노고분자재료공학과,신소재화학공학부 유기재료고분자공학과,유기재료고분자공학과",30,고분자공학과,304
예체능계열,"공업디자인전공,공업디자인학과,디자인융합학과",34,공업디자인학과,304
공학계열,"공업화학・고분자공학부,공업화학과,공업화학전공",35,공업화학과,304
예체능계열,"공예디자인,공예디자인과,공예디자인전공,공예디자인학과,귀금속보석공예과,귀금속보석공예전공,귀금속보석디자인전공,귀금속주얼리학과,금속ㆍ주얼리디자인학과,금속공예디자인학과,디자인비즈학부,디자인학부(공예전공)",39,공예디자인학과,304
예체능계열,"공예과,공예전공,공예학과,디지털공예과,미술학부 디지털공예전공,전통미술공예학과,지역산업학과,회화ㆍ공예학과",41,공예학과,304
교육계열,"과학교육과,과학교육과(심화전공),과학교육학부",44,과학교육과,304
사회계열,"공공서비스학부(문화여가서비스전공),관광&영어통역융복합학과,관광ㆍ엔터테인먼트학부,관광개발경영학과,관광개발학과,관광경영・컨벤션학과,관광경영전공,관광경영전공/호텔관광외식경영학부,관광경영학과,관광경영학전공,관광레저경영전공,관광레저항공경영학부,관광문화콘텐츠학과,관광사업경영학과,관광외식경영학과,관광융복합학과,관광이벤트학과,관광전공,관광축제리조트경영학과,관광컨벤션학과,관광콘텐츠경영학과,관광푸드비즈니스학부,관광학과,관광학부,관광학부 호텔관광경영학전공,관광항공경영학과,국제관광경영학과,국제관광경영학부,국제관광경영학전공,국제관광전공,국제관광학과,국제관광학부,국제관광학전공,국제교류학부 서비스경영전공,국제레저관광학과,글로벌Hospitalityㆍ관광학과,글로벌Hospitality경영전공,글로벌관광경영학과,글로벌관광학과,글로벌관광학부,글로벌마이스관광학과,글로벌호텔경영학과,글로벌호텔관광학과,레저&리조트학과,레저레크레이션학과,문화관광경영학과,문화관광계열,문화관광산업학과,문화관광외식학부,문화관광학과,문화관광학전공,문화산업대학(문화),문화예술관광콘텐츠학과,스마트관광학과,스마트호스피탈리티학과,여가디자인학과,여가라이프비즈니스학과,웰니스문화관광학과,융합관광경영전공,융합관광기획학과,중국문화관광학과,투어리즘 & 웰니스학부,항공・관광경영학부,항공관광&카지노학전공,항공관광서비스학과,항공관광학과,항공호텔관광경영학부,항공호텔관광전공,항공호텔조리학부(항공호텔전공),호텔・관광・컨벤션학부,호텔・관광・컨벤션학부(국제문화관광전공),호텔・관광경영학과,호텔관광경영학부(관광경영전공),호텔관광학전공,호텔컨벤션학과,호텔항공경영학과,호텔항공관광경영학과,호텔항공관광경영학부,호텔항공서비스학과,호텔항공외식경영학과,휴먼융합서비스학부(문화산업전공)",46,관광경영학과,304
예체능계열,"관・현악전공,관현악・작곡학부 관악전공,관현악・작곡학부 현악전공,관현악과,관현악전공,관현악학부 관악전공,관현악학부 현악전공,기악과(관악전공),기악과(현악전공),음악과(관현악전공),음악학과 관현악전공,음악학부 관현악전공,음악학부(관현악전공)",49,관현악과,304
예체능계열,"시각디자인융합학부(서비스마케팅디자인전공),의료홍보디자인학과",10140,광고디자인학과,304
사회계열,"AI서비스마케팅학과,공항홍보전공,광고.PR.브랜딩전공,광고PR전공,광고PR학과,광고미디어학과,광고영상창작학과,광고홍보문화콘텐츠전공,광고홍보언론학과,광고홍보언론학부,광고홍보영상미디어학부,광고홍보영상학과,광고홍보이벤트학과,광고홍보전공,광고홍보전공 트랙,광고홍보커뮤니케이션학부,광고홍보콘텐츠학과,광고홍보학과,광고홍보학부,광고홍보학전공,디지털마케팅학과,디지털영상마케팅학과,미디어광고학과,미디어영상광고학부,미디어영상광고학부 광고홍보전공,미디어영상광고홍보학,미디어영상광고홍보학부,빅데이터광고마케팅학과,산업・광고심리학과,상경학부 E-마케팅전공,스마트콘텐츠마케팅학과,홍보광고학과,홍보디자인학전공",54,광고홍보학과,304
공학계열,"광공학과,광기술공학과,광기술에너지융합전공,광메카트로닉스공학과,광시스템공학과,광전자공학과,나노광전자학과,디스플레이전공,레이저광정보공학과,안경광학과",55,광학공학과,304
사회계열,"경상계열,경상학부,경영경제데이터산업학부,국제경상학부,글로벌비즈니스대학,글로벌창의인재학부,라이프융합학부,로컬벤처학부,문화예술경영전문가융복합전공,상경학부,새내기학부(경영계열),하이라이프경영학부",10141,교양경상학부,304
공학계열,"(공과대학)광역,AIㆍSW계열,AI융합교육원(공학),AI융합학부,ICT공학계열,IT공과대학,건축 ㆍ 토목 ㆍ 환경공학부,공과계열,공과대학,공무원ㆍ공기업학과,공학,공학1계열,공학2계열,공학3계열,공학4계열,공학계열,교양학부(공학계열),국제이공학부,글로벌공학부,글로컬혁신공학부,기초공학부,단일계열,디자인공학부,디자인공학전공,미래사회공학부,미래산업융합계열,미래산업융합대학,미래융합학과,미래학부,블루밍넥스트학부,산학융합학부,산학협력교육학부,새내기과정학부(공학계열),새내기학부(이공계열),생명건강공학과,생명건강공학전공,서비스・디자인공학과,시설물유지관리공학과,심리상담치료학과,융복합대학,융합공학부,융합과학공학부,융합교양학부,융합교육학부,융합기술공학부,융합기술공학부(IT응용시스템공학전공),융합시스템공학과,융합창업학부,융합학과,자유전공학과(공학),자유전공학부(공학계열),자율전공학과,자율전공학부,전공자유학부(자연),지식융합학부,창의융합공학부,창의융합교육원(공학),창의융합학부(이공계열),첨단산업학부,첨단융합학부,탈메이지교양・융합대학(공학계열)",10142,교양공학부,304
사회계열,"Do-ing학부,Language & Diplomacy전공,공공인재전공,교양대학,교양대학(진천),교육/경영/보건계열,글로벌ㆍ공공인재 융합계열,글로벌계열,글로벌미디어・컬처전공,글로벌인재학,글로벌인재학부,글로벌혁신대학,글로컬라이프대학,기초교육학과,도시ㆍ지적ㆍ복지학부,드림라이프대학,라이프생활문화학전공,린튼글로벌스쿨,미래・문화・글로벌리더십계열,미래과학융합대학,미래사회인재학부,미래융합대학,미래융합스쿨,미래융합인재학부,미래인재융합대학,미래창의융합계열,법ㆍ행정대학,비전학부,사회계열(법학과,중국학과,정치외교학과),사회과학 광역모집,사회과학계열,사회과학대학,사회과학부,사회과학전공,사회서비스계열,사회안전계열,사회융합자율학부,사회융합학부,사회정의리더십전공,사회통합학부,상담/복지/공학계열,상상력인재학부,새마을국제개발학과,소방행정전공,유스티노자유대학,융합인재개발학부,융합인재학과,융합전공학부,인터내셔널학부,정경학부,정보・인터랙션 디자인전공,지식융합미디어학부,지역환경산업학과,창의융합계열,창의융합학부(사회과학계열),창의인재개발학과,천마인재학부,헬스케어융합학부(인문사회),휴먼서비스계열,휴먼융합서비스학부,휴먼케어창의학부,휴먼테크창의융합계열",10143,교양사회과학부,304
자연계열,"기초학부,라이프케어학부,바이오공학부,생활과학계열,생활과학부,시스템면역과학과,시스템면역과학전공,아동・식품・패션학부,웰니스산업융합학부",10144,교양생활과학부,304
인문계열,"ARETE교양대학,FIND칼리지학부,WISDOM교양대학,가톨릭대학교학부대학,계당교양교육원(인문사회),교양과,교양과정,교양과정(국제),교양과정(서울),교양과정부,교양교수부,교양교육원,교양교육학부,교양융합학부,교양학과,교양학부,교양학부(인문사회계열),국제어문학과,국제언어다문화학과,국제자유전공,국제학부(글로벌자율전공),국제화교양과정부,글로벌교양학부,글로벌기초교육학부,글로벌어문계열,글로벌엘리트학부,글로벌융합계열,글로벌융합대학,글로벌융합리더학부,글로벌자유전공학부,글로벌자율학부,글로벌창의융합계열,글로컬융합인문학전공,기초교양대학(인문사회),기초교양학부,기초교육학부,기타모집단위,뇌교육학과,대양휴머니티칼리지,디아코니아 교양대학,디아코니아학부,디지털인문사회과학부,디지털인문예술전공,디지털인문학연계전공,로터스칼리지,리나시타교양대학,리버럴아츠교육학부,마이크로디그리대학,메타버스융합콘텐츠전공,문과대학,문화교양학과,문화창의학부,문화콘텐츠학부(인문과학대학),미네르바 교양대학(글로벌),미네르바 교양대학(서울),미네르바학부,미래교양대학,미래융합계열,미래인재대학,미래창조융합계열,민석교양대학,브라이트 칼리지,상상력교양대학,새내기과정학부(인문사회계열),스크랜튼학부,스포츠아웃도어학과,신학ㆍ인문융합계열,아레테교육부,아리교양대학,아테나 교양학부,언더우드 비교문학과문화전공,언더우드학부,역사관광·외교학부,열림교양대학,우송교양대학,웨슬리창의융합대학,웰빙문화복지계열,유학대학,융합계열,융합교육원,융합인문사회과학부,융합인재학부,융합전공,융합전공학부(인문),의사소통교육부,인덕원,인문・사회・공학계열,인문・사회과학전공,인문계열,인문계열 성인통합모집단위,인문계열통합모집단위,인문과학계열,인문과학대학,인문과학부,인문교양학부,인문대학,인문문화융합학과,인문문화융합학부,인문문화학부,인문사회계열,인문사회과학대학,인문사회과학부,인문사회교양학부,인문사회대학,인문사회학부,인문융합공공인재학부,인문융합예술계열,인문융합자율학부,인문융합학부,인문자연학부,인문콘텐츠계열,인문콘텐츠학부,인문학부,인문학부 국사학전공,인문학부 국어국문학전공,인문학부 문예창작전공,인성교양대학,인성교양학부,일송자유교양대학,자유전공학과,자유전공학부,자유전공학부(전계열),자유전공학부(학생설계전공 인문사회계열),전공자유학부(인문),전인교육원,차미리사교양대학,차오름교양대학,창의교양학부,창의융합교육원(인문사회),창의융합대학,창의융합인재학부,창의융합학부,창의융합학부(인문사회계열),창의융합학부(인문융합예술계열),창의인재계열,카리스교양대학,캠퍼스아시아학과,쿰칼리지,크리에이티브인문학부,탈메이지교양・융합대학(인문사회계열),파이데이아 학부,파이데이아창의인재학과,평생교육계열,평화교양대학,프라마나전공,프런티어학부대학,피어선칼리지(인문사회계열),학부교양대학,학부대학,학생성장교양학부,학생성장교양학부(창의),학연산클러스터사업단,한국문화・경영전공,혁신기초학부,혁신융합학부,혜화리버럴아츠칼리지,호크마교양교육원,호크마교양대학,후마니타스학과,휴머니티교양대학,휴머니티칼리지",10145,교양인문학부,304
자연계열,"MSC교육부,계당교양교육원(자연),과학기술대학,과학기술융합계열,과학기술융합대학,과학생명융합대학,교양학부(자연과학계열),기초과학과,기초과학부,녹색기술융합학과,산학협력특성화대학,새내기과정학부(자연계열),신산업융합대학,약과학과,융합학부,의과학계열,이공계열,이공계융합계열,이과대학,이학계열,자연계열 성인통합모집단위,자연계열통합모집단위,자연공학계열,자연과학계열,자연과학대학,자연과학부,자연과학부 보건관리학전공,자연과학부 식품영양학전공,자연과학부 응용화학전공,자연과학부 체육학전공,자연과학부 화장품학전공,자연생명계열,자연융합학부,자유전공학부(학생설계전공 자연과학계열),창의융합교육원(자연과학),첨단과학기술학부,탈메이지교양・융합대학(자연과학계열),피어선칼리지(자연과학계열),학부대학(자연과학)",10146,교양자연과학부,304
교육계열,"교육공학과,첨단산업학부,플랫폼교육공학과",57,교육공학과,304
교육계열,"교양교직과정부,교육과,교육과학계열,교육심리학과,교육학과,교육학과(심화전공),교육학부,교육학전공,교직과,교직과(창의),교직과정,교직과정부,교직교육과,교직부,교직학부,글로벌교육학부,미래융합학부(평생교육・청소년학전공),사범대학,사범학부,온라인평생교육학과,외국어교육학부,이러닝콘텐츠교육학과,인재개발학부,중국어교육과,중국어교육전공,창업평생교육학과,청소년교육과,평생교육·상담학과,평생교육·청소년상담학과,평생교육ㆍ상담학전공,평생교육경영전공,평생교육복지전공,평생교육상담학과,평생교육융합계열,평생교육융합학부,평생교육전공,평생교육학과,평생교육학부,휴먼케어평생교육학과",59,교육학과,304
공학계열,"AI교통응용전공,건설환경도시교통공학부,교통공학과,교통공학전공,교통물류공학과,교통시스템공학과,도시・교통공학과,드론・철도・건설시스템공학과,드론교통공학과,스마트철도교통공학과,철도건설시스템학부 글로벌철도학과,철도공학부,철도관제정보학과,철도기계시스템학과,철도시스템공학부,철도시스템학부 철도소프트웨어전공,철도시스템학부 철도전기시스템전공,철도운전・관제시스템학과,철도운전ㆍ전기신호학과,철도운전경영학과,철도운전관제학과,철도운전관제학부,철도운전시스템전공,철도운전시스템학과,철도운전제어학부,철도전기정보공학과,철도차량・전기시스템학과,철도차량시스템공학과,철도차량시스템전공,철도차량시스템학과,철도학부",61,교통공학과,304
공학계열,"국방과학기술학부,국방기술학과,국방기술학부,국방디지털융합학과,국방무기체계학과,국방시스템공학과,국방융합기술학과,국방인재개발학과,국방정보공학과,군사과학기술학과,군사기술학과,방위산업ㆍ국방경영학과",10038,국방기술학과,304
예체능계열,"국악과,국악및작곡전공,국악학과,국악학과(기악전공, 성악전공,이론작곡전공),연희과,음악학부 국악전공,전통공연예술학과,전통연희전공,전통예술학부(연희예술전공),한국음악과,한국음악전공,한국음악학과",67,국악학과,304
교육계열,"국어교육과,국어교육과(심화전공),한국어교육과,한국어교육전공,한국어교육학과,한국어교육학부,한국어교육학부(한국어교육전공)",68,국어교육과,304
인문계열,"Dept. of Global Korean Studies,KFL학부,KLC학과,Korean Language and Business학과,국어국문 ㆍ 문예창작학부,국어국문전공,국어국문학,국어국문학과,국어국문학부,국어국문학부(고전번역전공),국어국문학부(국어국문학전공),국어국문학전공,국어국문한국어교육학과,국제매니지먼트학부,글로벌인재융합전공,글로벌지역학부 한국언어문화전공,글로벌한국어문화학부,동화・한국어문화학과,동화ㆍ한국어문화전공,동화미디어콘텐츠전공,동화미디어콘텐츠학과,웹문예학과,인문학부 한국어문화전공,한국문학콘텐츠창작학과,한국어다문화전공,한국어문콘텐츠전공,한국어문학,한국어문학과,한국어문학부,한국어문학부(국어국문학전공),한국어문학전공,한국어문학전공 트랙,한국어문화학과,한국어문화학부,한국어문화학부(한국어교육전공),한국어문화학부(한국언어문화전공),한국언어문학과,한국언어문화교육전공,한국언어문화학과",69,국어국문학과,304
사회계열,"Department of International Relations,국제관계・행정학부,국제관계학과,국제관계학부,국제관계학전공,아시아국제관계학과,융합전공학부 국제관계학-빅데이터분석학 전공,지속개발협력전공",10007,국제관계학과,304
인문계열,"국제문화관광전공,국제차문화학과,글로벌교육문화학부,글로벌문화경영학과,글로벌문화비즈니스전공,독일문화정보학과,동양문화학과,아시아문화학부(비교민속학전공),유럽문화학과,유럽문화학부,중국문화학과,한국문화콘텐츠학과,한국문화학과,한국어다문화학과",74,국제문화정보학과,304
사회계열,"국제법무전공,국제법무학과,국제법정경계열",75,국제법무학과,304
인문계열,"국제개발협력학전공,국제지역문화학전공,국제지역전공,국제지역학부,국제지역학전공,국제통상・개발협력전공,국제학부(일본학전공),국제한국학전공,글로벌문화학부,글로벌지역학부,글로벌지역학부 영어전공,글로벌지역학부 유러피언스터디즈전공,글로벌지역학부 일어일본학전공,글로벌지역학부 중어중국학전공,글로벌커뮤니케이션학부,글로벌학부(베트남학전공),글로벌한국학과,글로벌한국학전공,글로벌해양인문학부(동아시아문화전공),동북아대학,동아시아학과,동양학과,베트남학과,아랍지역학과,아세안지역전공,아시아중동학부,아시아중동학부 몽골학전공,아시아중동학부 중동학전공,아시아학전공,언더우드 국제학전공,영미학과,영어권지역학전공,유라시아학과,유러피언스터디즈학과,유럽중남미학부 스페인중남미학전공,유럽중남미학부 포르투갈브라질학전공,유럽학부,인도네시아지역전공,인도지역통상학과,인도학과,중국문화산업학과,중국전공,중국지역학과,중국지역학전공,중동학과,중앙아시아학과,지미카터국제학부,프랑스·EU전공,프랑스문화전공,프랑스문화학과,프랑스어권지역학전공,한국학과,한국학부,한국학전공",21005,국제지역학과,304
사회계열,"IBE전공,경제통상ㆍ국제지역계열,경제통상학과,경제통상학부,경제통상학부 국제통상학 전공,경제통상학전공,국제경제통상학과,국제경제통상학부,국제경제학,국제무역・마케팅학부(국제마케팅전공),국제무역・마케팅학부(국제무역전공),국제무역전공,국제통상・금융투자학부,국제통상・문화학부,국제통상·금융투자학과,국제통상물류학과,국제통상물류학부,국제통상유통학과,국제통상전공,국제통상통역학과,국제통상학과,국제통상학부,국제통상학부 국제통상학전공,국제통상학부 글로벌무역학전공,국제통상학전공,글로벌경제통상학부,글로벌지역통상학(미국,중국,일본)전공,글로벌통상・문화학과,글로벌통상학과,동북아국제통상물류학부,동북아국제통상전공,동북아국제통상학부,동북아문화산업학부,동북아통상전공,러시아통상전공,물류통상전공,미국통상전공,미주통상・문화학과,상경학부 국제통상학전공,아시아비즈니스국제학과,앙트러프러너십전공,유럽지역통상전공,유럽지역통상학과,일본통상전공,중국통상・경제학전공,중국통상전공,중국통상학과,중국통상학전공/국제학부,통상경제학부,통상산업학과,한국통상전공,한중통상전공",70,국제통상학과,304
사회계열,"East Asian Economy and Business,East Asian Politics and Culture,International Studies과,KMU International Business school,NGO사회혁신학과,게페르트국제학부,국제개발협력,국제개발협력전공,국제개발협력학과,국제개발협력학부,국제계열,국제문화비즈니스학부,국제문화비즈니스학부(G2(미ㆍ중)문화비즈니스전공),국제문화비즈니스학부(인도지역통상전공),국제문화학과,국제예술산업학부,국제융합학부,국제인문사회학부,국제학과,국제학부,국제학부 국제학전공,국제학전공,국제협력전공,글로벌서비스학부,글로벌학부,글로벌협력전공,동아시아국제학부,외교・국제개발학부(국제개발협력전공),융합일본지역전공,융합일본지역학부,정치ㆍ국제학과,정치국제학과,중국·일본학부,중국·일본학부 일본학전공,중국·일본학부 중국학전공,중국외교통상전공,중국외교통상학부,중국정경전공",373,국제학부,304
사회계열,"ICT군사학부,국가안보학과,국가안보학부,국가안보학부 국제관계학전공,국방상담리더십학과,국방안보드론학과,국방융합학부,국방학과,국토안보학전공,군사안보학과,군사학과,군사학전공,의무군사학과,의무군사학과(자연과학),정보통신군사학과,해군사관학부,해병대군사학과,해사글로벌학부,해사수송과학부,해양군사학부",10026,군사학과,304
예체능계열,"금속・주얼리디자인과,금속공예학과,장신구・금속디자인전공,주얼리・금속디자인학과,주얼리ㆍ패션디자인학과,주얼리디자인전공,주얼리디자인학과,주얼리디자인학전공",78,금속공예학과,304
공학계열,"금속공학전공,금속디자인전공,금속소재공학전공,금형신소재공학과,나노・신소재공학부(금속재료공학전공),보석귀금속학과,신소재공학부 금속시스템공학전공,용접.접합과학공학과,재료공학부 금속공학전공,재료융합공학부 재료금속공학전공",79,금속공학과,304
사회계열,"Finance & AI융합전공,Finance & AI융합학부,IT금융경영학과,IT금융학과,경제・금융보험・재무부동산학부,경제금융학부(금융보험전공),국제금융공학전공,국제금융부동산학과,국제금융학과,글로벌금융・회계전공,글로벌금융경영학부,글로벌금융전공,글로벌금융학과,금융・보험학전공,금융ㆍ국제학과,금융ㆍ빅데이터학부,금융경영학과,금융경제학과,금융공학과,금융보험학과,금융보험학전공,금융부동산전공,금융부동산학과,금융선물보험학전공,금융세무경영학과,금융세무학부,금융융합경영학과,금융자산관리학과,금융재무학과,금융재테크학과,금융전공,금융투자학과,금융학과,금융학부,기업금융전공,디지털금융(핀테크)전공,디지털금융경영학과,디지털금융학과,미래융합학부(자산관리・6차산업학전공),보험계리학과,부동산금융보험융합학과,비즈니스융합학부 기업회계전공,상경학부 금융보험학전공,수리금융학,실버재테크학과,재무금융전공,재무금융회계학부,창업자산융합학부,파이낸스보험경영학전공,핀테크학과,협동조합금융학과",83,금융보험학과,304
교육계열,"기계・금속공학교육과,기계・재료공학교육과,기계공학교육과,기계교육과",21006,기계ㆍ재료공학교육과,304
공학계열,"CAD/CAM전공,ICT로봇기계공학부,IT기계공학과,글로벌화학기계공학과,금형공학과,금형설계공학과,기계・금형공학부,기계・스마트・산업공학부(기계공학전공),기계・신소재공학과(기계공학심화트랙),기계・조선・첨단재료자율전공학부,기계·산업경영공학부 기계공학과,기계ICT공학과,기계ICT융합공학부,기계IT융합공학과,기계IT융합시스템공학전공,기계ㆍ로봇공학과,기계ㆍ로봇공학부,기계공학,기계공학과,기계공학부,기계공학부 기계공학전공,기계공학부 스마트제조융합전공,기계공학부(기계공학전공),기계공학부(기계시스템공학전공),기계공학전공,기계로봇모빌리티공학전공,기계산업경영공학부,기계소재공학과,기계소재융합공학부,기계소재융합시스템공학과,기계시스템공학과,기계시스템공학부,기계시스템공학부 스마트모빌리티전공,기계시스템공학부(응용기계공학전공),기계시스템공학부(정밀기계공학전공),기계시스템공학전공,기계시스템디자인공학전공,기계시스템미래자동차공학부(기계시스템공학),기계시스템전공,기계시스템학부,기계우주항공공학부(기계공학전공),기계융복합공학과,기계융합공학과,기계융합공학과(중소기업계약학과),기계의용·메카트로닉스·재료공학부,기계의용ㆍ메카트로닉스공학과,기계의용ㆍ메카트로닉스공학부,기계의용공학과,기계의용공학전공,기계자동차계열,기계자동차공학과,기계자동차공학부,기계자동차공학부(계약),기계자동차공학부(기계공학전공),기계자동차공학전공,기계자동차로봇공학부,기계자동차로봇부품공학부,기계자동차융합공학과,기계자동차융합공학부,기계자동차항공공학부,기계자동화융합학과,기계전자공학부,기계전자전공,기계정보공학과,기계제어공학과,기계제조공학과,기계조선에너지시스템공학전공,기계조선해양공학부,기계항공 및 원자력공학부,기계항공공학과,기계항공공학부(기계공학전공),기계항공공학부(우주항공공학전공),기계항공정보융합공학부,기계항공정보융합공학부(기계공학전공),나노전자기계공학과,나노전자기계공학전공,농업기계공학전공,드론기계학과,디지털융합금형공학과,바이오산업기계공학과,바이오시스템기계공학과,바이오시스템기계공학전공,방산기계공학전공,생산기계공학과,생산기술공학과,스마트기계공학과,스마트기계모빌리티전공,스마트기계부품소재학과,스마트기계융합공학전공,스마트디자인공학부,스마트에너지기계공학과,스마트자동화공학과,실습선,에너지기계공학전공,에너지수송시스템공학부,에너지융합공학과,융합기계공학과,융합기계공학부,융합기계공학전공,융합기계학과,융합기술학과,융합바이오시스템기계공학과,정밀기계공학과,정밀기계시스템전공,조선해양플랜트공학과,지능형기계공학전공,첨단기계전공,휴먼기계바이오공학과",86,기계공학과,304
공학계열,"글로벌기계설계공학전공,기계ㆍ시스템디자인공학과,기계공학부 기계설계학전공,기계공학부(기계설계공학전공),기계설계・시스템공학과,기계설계공학과,기계설계공학부,기계설계공학부(기계설계공학전공),기계설계공학부(기계설계전공),기계설계공학부(나노바이오기계시스템공학전공),기계설계공학부(지능형모빌리티전공),기계설계공학전공,기계설계전공,기계설계학과,기계시스템디자인공학과,기술융합디자인공학과,항공・기계설계학과",88,기계설계공학과,304
인문계열,"경배와찬양학과,교목,교육미디어커뮤니케이션학부,글로벌기독학부,기독교교육ㆍ상담학과,기독교교육과 미디어학과,기독교교육상담학과,기독교문화전공,기독교문화학과,기독교상담과,기독교상담학과,기독교상담학전공,기독교신학전공,기독교학과,기독교학부,기독교학전공",93,기독교학과,304
교육계열,"기술・가정교육과,기술교육과,문헌정보교육과",32,기술교육과,304
예체능계열,"기악(연주)전공,기악과,기악전공,뉴뮤직학부 재즈퍼포먼스전공,실용음악학부 기악전공,융합실용기악과,음악공연예술학과,음악학부 기악전공,음악학부(기악)",94,기악과,304
인문계열,"글로벌커뮤니케이션학과(베트남비즈니스전공),동남아창의융합학부,동양어문학과,동양어문학부,러시아・터키중앙아시아학부(터키・중앙아시아어전공),말레이・인도네시아어통번역학과,말레이인도네시아어과,몽골어과,몽골학과,미얀마어과,미얀마어전공,베트남・인도네시아학부,베트남어과,베트남어전공,아랍어통번역학과,아랍전공,아랍학과,아세안비즈니스학과,아세안학부,아세안학부(미얀마어전공),아세안학부(베트남어전공),아세안학부(인도네시아ㆍ말레이시아전공),아세안학부(인도어전공),아세안학부(태국어전공),아시아문화콘텐츠학부,아시아언어문명학부,아시아언어문화학부,아시아언어문화학부(아랍어전공),아시아중동학부 베트남학전공,인도네시아・말레이시아학과,인도네시아ㆍ말레이시아전공,인도어과,인도어전공,인도학부(인도언어문화전공),인도학부(인도지역통상전공),중동학부(아랍전공),중동학부(터키어전공),태국어과,태국어전공,태국어통번역학과,터키・중앙아시아어과,터키어전공,페르시아어・이란학과",127,기타아시아어학과,304
인문계열,"EU문화정보학전공,네덜란드어과,스칸디나비아어과,유럽문화 ・ 관광학과,유럽어문학과,유럽언어문화학부,유럽중남미학부,유럽학부(이탈리아언어문화전공),이탈리아어과,이탈리아어전공,인문융합콘텐츠학부,중남미학부(포르투갈어전공),체코슬로바키아어과,터키・아제르바이잔어과,포르투갈(브라질)어과,포르투갈(브라질)어전공,포르투갈(브라질어)과,포르투갈어과,폴란드어과,프라마나(仁問과학)학부,헝가리어과",389,기타유럽어학과,304
공학계열,"고분자섬유나노공학부(고분자ㆍ나노공학전공),나노공학과,나노과학공학전공,나노바이오공학전공,나노소재공학과,나노소재전공,나노신소재공학과,나노신소재공학부,나노신소재학과,나노융합공학과,나노융합공학부,나노융합공학전공,나노응용공학과,나노화학소재공학전공,유기나노공학과,화학・나노과학전공",96,나노공학과,304
공학계열,"기계공학부(냉동공조공학전공),냉동공조공학과,냉동공조공학전공",10049,냉동공조공학과,304
사회계열,"가족・노인복지학과,글로벌실버케어학과,노인복지보건학과,노인복지상담학과,노인복지전공,노인복지학과,노인복지학전공,노인체육복지학과,미래융합학부(실버복지상담학전공),실버보건학과(인문사회계열),실버복지상담학과,실버컨설팅학과,실버케어복지학과,실버헬스케어학과,치매전문재활학과,휴먼케어창의학부(실버복지ㆍ복지상담학전공)",103,노인복지학과,304
자연계열,"6차산업학과,AI스마트팜학과,농업시스템학과,농업토목.생물산업공학부(농업토목공학전공,생물산업기계공학전공),농학과,미래농업융합학부,스마트농산업학과,스마트농산업학부,스마트농업공학전공,스마트농업학과,스마트팜공학과,스마트팜농수산복지학과,스마트팜학과,시설농업학전공,식물생명환경전공,에코농산업벤처시스템학과,원예ㆍ식품학과,웰빙귀농조경학과,웰빙귀농학과,지역건설공학과 농촌관광개발전공,지역시스템공학과",104,농공학과,304
사회계열,"농경제사회학부,농경제유통학부(농업경제학),농산업학과,농식품경영학과,농업경제학과,농업자원경제학과,농업자원경제학전공,사료생산과학전공,스마트팜농산업학과",107,농업경제학과,304
교육계열,농업교육과,108,농업교육과,304
자연계열,"대기과학과,대기환경과학과,지구시스템과학부 천문대기과학전공",111,대기과학과,304
사회계열,"건축・도시계획학과,국제도시부동산학과,도시ㆍ부동산학과,도시개발・행정학과,도시계획・부동산학과,도시계획・조경학부,도시계획및조경학부,도시계획부동산학과,도시계획부동산학부,도시계획학과,도시계획학전공,도시및교통공학전공,도시및지역개발학과,도시융합시스템공학과,도시지역계획학전공,도시지적행정학과",117,도시계획학과,304
공학계열,"건설·도시공학부 도시공학전공,건설융합학부 도시공학전공,건설환경도시공학부,건축도시토목공학부(도시공학전공),그린스마트시티학과,도시・환경・화학공학과,도시·교통공학전공,도시·조경학부(도시계획공학전공),도시건설공학과,도시건설공학전공,도시계획공학과,도시공학과,도시공학전공,도시디자인정보공학과,도시인프라공학과,도시정보공학과,도시정보공학전공,도시환경공학과,도시환경공학부,도시환경바이오공학부,디지털건축도시공학과,디지털도시건설학과,물류・환경・도시인프라공학부(건설공학전공),사회기반시스템공학부(도시시스템공학전공),사회인프라공학과,스마트건설・환경공학부,스마트도시학부,스마트시티공학과,스마트시티공학부,스마트시티공학전공,스마트시티융합학과,스마트시티전공,스마트시티학과,융합전공학부 도시공학-국제도시개발학 전공,융합전공학부 도시공학-도시부동산기획경영학 전공,지구환경도시건설공학과,토목도시환경공학부",118,도시공학과,304
예체능계열,"도예ㆍ유리과,도예과,도예학과,도자공예학과,도자디자인전공,도자디자인학과,도자문화융합디자인학과,도자예술전공(신),문화콘텐츠학부(가구・도자디자인전공),미술학과 도자예술전공",121,도자기공예학과,304
인문계열,"독어독문전공,독어독문학과,독어독문학전공,독어독문화학과,독어독문화학전공,독일문화산업전공,독일문화전공,독일문화학과,독일어과,독일어권지역학전공,독일어문·문화학과,독일어문화학,독일어문화학과,독일어문화학부,독일어전공,독일어통번역학과,독일언어・문화학과,독일언어문학과,독일언어문화전공,독일언어문화학과,유럽문화학부(독일어문학전공),유럽언어문화학부(독일어문화학전공),유럽학부(독일언어문화전공)",122,독어독문학과,304
교육계열,"독어교육과,독일어교육과,독일어교육전공,유럽어교육학부 독어교육전공",123,독일어교육과,304
인문계열,"독일문화콘텐츠전공,독일유럽학과,독일학과,독일학전공,유럽중남미학부 독일학전공",124,독일학과,304
자연계열,"동물바이오시스템과학과,동물산업융합학과,동물생명과학대학 사료생산공학과,동물생명산업학과,동물생명융합학부,동물생명자원과학과,동물생명자원학과,동물생명자원학부,동물생명자원학부 동물생명공학전공,동물소재공학과,동물응용과학과,동물응용과학전공,동물자원과학과,동물자원과학부,동물자원과학전공,동물자원생명과학과,동물자원학과,동물자원학부,반려동물산업학과,반려동물학과,생명자원학부 동물생명공학전공,애완동물자원학과,애완동물학과",126,동물자원학과,304
예체능계열,"동양화과,동양화전공,미술학부 한국화전공,미술학부(한국화전공),서예・문자예술학과,서예디자인학과,서예문화예술학과,한국화·서예학과,한국화전공,현대한국화전공,회화학부(한국화전공)",128,동양화과,304
예체능계열,"AI콘텐츠디자인학과,Art & Design대학,ICT디자인학부,LF_라이프스타일디자인,기초교양대학(예체능),디자인・미술학부,디자인ㆍ영상학부,디자인게임애니메이션학부,디자인계열,디자인공학과,디자인과,디자인대학,디자인미술학과,디자인예술학부,디자인전공,디자인창의학과,디자인컨버전스학과,디자인학과,디자인학부,디자인학부 목조형가구디자인전공,디자인학부(신),디자인학전공,문화산업대학(예체능),바이오헬스융합학부 바이오헬스디자인전공,서비스디자인학과,스마트디자인학과,아트앤디자인학과,엔터테인먼트디자인학과,예술문화디자인학과,융복합디자인학부,융합디자인전공,융합디자인학과,인터미디어아트과,통합디자인학과",10149,디자인학과,304
예체능계열,"Digital Design학과,IT융합디자인공학과,게임그래픽학과,게임학부 게임그래픽디자인전공(미술계),디자인·영상학부 디지털미디어디자인전공,디자인공학부(미디어디자인공학전공),디자인영상학부,디자인학부 방송콘텐츠디자인전공,디지털디자인과,디지털미디어디자인전공,디지털미디어디자인학과,디지털미디어디자인학과(공학),디지털아트전공,디지털아트학전공,디지털융합디자인전공,디지털콘텐츠디자인학전공,디지털프로덕트디자인학과,멀티미디어디자인전공,멀티미디어디자인학과,멀티미디어디자인학전공,미디어디자인전공,미디어디자인학과,첨단미디어디자인전공",10150,디지털디자인학과,304
공학계열,"AI미디어콘텐츠학과,K-콘텐츠제작학과,게임ㆍ콘텐츠전공,게임학과(예체능),게임학부,디지털공연예술전공,디지털문화콘텐츠공학과,디지털문화콘텐츠학과,디지털문화콘텐츠학전공,디지털영상문화콘텐츠학,디지털컨텐츠학과,디지털콘텐츠,디지털콘텐츠공학과,디지털콘텐츠디자인학과,디지털콘텐츠전공,디지털콘텐츠학과,디지털콘텐츠학부,디지털콘텐츠학전공,미디어콘텐츠융합학부,스마트콘텐츠전공,영상콘텐츠융합전공,예술학부 디지털콘텐츠전공",532,디지털콘텐츠학과,304
인문계열,"노어과,노어노문학과,노어학과,러시아・터키중앙아시아학부(러시아언어통상전공),러시아어과,러시아어권지역학전공,러시아어문전공,러시아어문학,러시아어문학과,러시아어문학전공,러시아어전공,러시아어학과,러시아언어문화전공,러시아언어문화학과,러시아중앙아시아학과,외국어자율전공학부 러시아어전공,유럽문화학부(러시아어문학전공),유럽언어문화학부(러시아어전공)",132,러시아어문학과,304
인문계열,"글로벌지역학부 러시아ㆍ중앙아시아지역학전공,러시아・유라시아학과,러시아・중앙아시아학전공,러시아학과,러시아학전공,유럽중남미학부 러시아학전공",134,러시아학과,304
예체능계열,"골프산업전공,골프산업학과,골프생활체육학과,골프전공,골프학과,골프학전공,레저스포츠,레저스포츠관광전공,레저스포츠매니지먼트,레저스포츠산업학과,레저스포츠전공,레저스포츠지도학과,레저스포츠학과,레저스포츠학부,레저스포츠학전공,바둑학과,스마트경영학부 스포츠레저경영전공,스포츠레저산업학과,스포츠레저학과,스포츠레저학부,스포츠레저학전공,스포츠산업레저학과,운동레저학부,융합레포츠전공,응용스포츠산업전공,체육학부 레저스포츠학전공",10020,레저스포츠학과,304
공학계열,"AI로봇공학과,AI로봇융합전공,AI로봇학과,ICT로봇공학전공,기계・로봇공학전공,기계로봇공학과,기계로봇에너지공학과,드론・로봇공학과,로봇공학융합전공,로봇공학전공,로봇기계공학과,로봇드론공학과,로봇메카트로닉스공학과,로봇시스템공학전공,로봇학과,로봇학부,로봇학부 AI로봇전공,로봇학부 정보제어ㆍ지능시스템전공,메카트로닉스공학부(AI로봇전공),바이오-로봇시스템공학과,스마트융합공학부 로봇융합전공,전자공학부(제어로봇공학전공),전자로봇ㆍ보안학부(스마트융합보안전공),전자로봇ㆍ보안학부(전자로봇전공),제어로봇공학과,제어및로봇전공,지능로봇공학과,지능로봇학과,지능형로봇융합전공,휴먼・로봇융합전공,휴먼지능로봇공학과",10116,로봇공학과,304
예체능계열,"Animation학과,SW융합학부 애니메이션전공,게임・웹툰전공,게임디자인ㆍ애니메이션학과,국제예술ㆍ한국어학부 디지털만화애니메이션전공,글로벌예술학부(게임콘텐츠・애니메이션전공),글로벌웹툰콘텐츠전공,글로벌웹툰콘텐츠학과,디자인·영상학부 애니메이션전공,디자인·영상학부 영상·애니메이션전공,디자인애니메이션학부,디지털애니메이션학과,만화・애니메이션과,만화・애니메이션학과,만화게임영상전공,만화게임영상학과,만화애니메이션전공,만화애니메이션학과,만화애니메이션학부,만화애니메이션학전공,만화애니콘텐츠학과,미술만화게임학부,스마트영상애니메이션전공,아트앤웹툰전공,아트앤웹툰학과,아트앤웹툰학부,애니메이션&비주얼이펙트전공,애니메이션&웹툰전공,애니메이션과,애니메이션영상학과,애니메이션전공,애니메이션학과,애니메이션학전공,애니웹툰학부,영상/만화애니메이션전공,영상ㆍ애니메이션학부,영상애니메이션과,영상애니메이션학과,영상애니메이션학부,영상예술학과,영상제작학과,영화애니메이션학과,영화웹툰애니메이션학과,예술학부 디지털만화영상전공,웹툰・애니메이션과,웹툰ㆍ애니메이션학과,웹툰과,웹툰만화콘텐츠학과,웹툰애니메이션ㆍ게임학부,웹툰애니메이션학과,웹툰영상애니메이션학부,웹툰영상애니메이션학부(영상애니메이션전공),웹툰영상학과,웹툰영화학과,웹툰웹소설전공,웹툰전공,웹툰콘텐츠학과,웹툰학과,융합예술학부(영상애니메이션디자인학전공),카툰코믹스전공",144,만화애니메이션학과,304
자연계열,"말/특수동물학과,특수동물학과",10120,말특수동물학과,304
공학계열,"ICT융합학부(멀티미디어공학전공),글로벌미디어학부,디지털미디어공학부,멀티미디어공학과,멀티미디어공학전공,멀티미디어전공,멀티미디어정보학과,멀티미디어학과,멀티미디어학부,미디어콘텐츠학과,미디어학과,스마트미디어학과,융합미디어전공,정보통신·멀티미디어공학부(멀티미디어공학전공),출판미디어공학과,콘텐츠제작학과",149,멀티미디어학과,304
공학계열,"AI자동화설계공학과,Dept. of Mechatronics Engineering,기계・스마트・산업공학부(스마트팩토리전공),기계메카트로닉스공학과,기전융합공학과,나노메카트로닉스공학과,로봇·자동화공학전공,로봇공학과,로봇자동화공학과,메카융합공학과(야),메카트로닉스 융합공학부,메카트로닉스공학과,메카트로닉스공학부,메카트로닉스공학부(메카트로닉스전공),메카트로닉스공학전공,메카트로닉스시스템공학과,메카트로닉스전공,바이오메카트로닉스전공,바이오메카트로닉스학과,스마트모빌리티전공,스마트운행체공학과,스마트전력공학전공,스마트제조응용공학과,인공지능융합공학부 지능형로봇전공,자동화기계전공,자동화설계전공,자율제어전공,조기취업형계약학부 스마트팩토리융합학과,지능형로봇학과,첨단공학부  메카트로닉스전공,컴퓨터・메카트로닉스공학부",151,메카트로닉스공학과,304
공학계열,"모바일시스템공학과,모바일융합공학과,전자공학부모바일공학전공",10118,모바일시스템공학과,304
예체능계열,"목조형가구학과,미술학과 목조형가구전공,퍼니처디자인전공",155,목조형가구학과,304
예체능계열,"검도전공,검도학과,국제스포츠학부 태권도전공,동양무예학과,무도스포츠산업학과,무도스포츠학과,무도학부,무도학부 태권도전공,스포츠과학부 태권도전공,스포츠무도학과,유도학과,체육학부 태권도학전공,체육학부 합기도학전공,체육학부(태권도),태권도학전공",158,무도학과,304
사회계열,"K-비즈니스전공,Language & Trade전공,Language & Trade학부,경제무역학부,경제무역학부(무역학전공),관세물류전공,국제무역ㆍ경제금융학부(국제무역전공),국제무역경제학부,국제무역물류학전공,국제무역통상학과,국제무역학과,국제무역학전공,국제물류무역학과,글로벌무역물류학과,글로벌무역통상전공,글로벌무역학과,글로벌물류학과,글로벌비즈니스학부(국제물류학전공),무역경영학과,무역경제학부 무역물류학전공,무역물류경영학과,무역물류학과,무역물류학전공,무역유통학과,무역학과,무역학부,무역학전공,물류・무역전공,물류무역학과,비즈니스융합학부 무역ㆍ물류전공,산업유통학과,스마트무역물류학과,유럽학부(유럽지역통상전공),유통물류학과,해양경영경제학부(국제무역전공)",72,무역학과,304
예체능계열,"공연영상창작학부(무용전공),공연예술무용과,공연예술무용학과,공연예술학부 무용전공,공연융합예술학과 무용전공,무용,무용과,무용예술학과,무용예술학부,무용전공,무용학과,무용학부,무용학전공,민속무용학과,민속예술무용학과,발레전공,생활무용학과,스포츠무용학부 무용예술전공,실기과,실용무용전공,이론과(무용이론),창작과,창조공연예술학부 무용전공,한국무용전공,현대무용전공",162,무용학과,304
공학계열,"AI드론학부,ICT군사학부(드론봇전공),드론ㆍ로봇융합학과,드론ㆍ철도건설공학과,드론로봇공학과,드론로봇융합학과,드론응용전공,드론응용학과,드론전공,드론학과,무인기공학과,무인기산업학과,무인이동체공학전공,무인항공기계학과,무인항공기학과,무인항공학과,사이버드론봇군사학과,우주항공드론공학부(지능형드론융합전공),임무형드론운용전공,항공드론학과",21008,무인항공학과,304
인문계열,"국어국문・문예창작학과,국어국문·창작학과,국어국문문예창작학부,국어국문창작학과,국어국문창작학전공,문예창작과,문예창작미디어콘텐츠홍보전공,문예창작비평학과,문예창작학,문예창작학과,문예창작학전공,문예콘텐츠창작학과,문학문화콘텐츠학과,미디어문예창작전공,미디어문예창작전공 트랙,미디어문예창작학과,서사창작과,예술창작학부 문예창작전공,웹문예창작학과",164,문예창작학과,304
인문계열,"도서관학과,문헌정보전공,문헌정보학과,문헌정보학전공,복지서비스학부 아동문헌정보전공,사회과학부 문헌정보학전공,인문콘텐츠학부 문헌정보학전공,점자문헌정보학과",166,문헌정보학과,304
인문계열,"고고문화인류학과,고고인류학과,문화산업경영융합전공,문화유산학과,문화유산학부,문화인류고고학과,문화인류학과,문화인류학전공,문화지식융합학부,문화지식융합학부 HCI사이언스전공,문화지식융합학부 글로벌MICE전공,문화지식융합학부 데이터사이언스전공,문화지식융합학부 문화예술경영전공,문화지식융합학부 커뮤니케이션콘텐츠전공,민속학과,선도문화학과,역사・문화학전공,인류학과,한국문화・통상전공",424,문화인류학과,304
인문계열,"무형유산학과,문화유산복원예술학과,문화유산융합학부,문화재관리학과,문화재보존과학과,문화재보존예술학과,문화재보존학과,문화재학과,문화재학전공",10030,문화재보존학과,304
인문계열,"e스포츠산업학과,K-Culture학과,K-남도문화학과,SW융합학부 한일문화콘텐츠전공,공간문화컨텐츠학과,공연전시기획학과,교육문화전공,글로벌문화산업경영학과,글로벌문화콘텐츠학과,글로벌문화콘텐츠학전공,글로벌한국어문화학부(K-컬처앤테크전공),글로컬문화스토리텔링융복합전공,글로컬문화학부,디지털영상문화콘텐츠학과,문화・미디어전공,문화ICT융합전공,문화교류전공,문화기획학전공,문화서비스학전공,문화예술경영학과,문화예술콘텐츠학과,문화예술학과,문화예술학부(문화콘텐츠전공),문화예술학부(미디어문예창작전공),문화융합콘텐츠학과,문화콘텐츠개발전공,문화콘텐츠문화경영학과,문화콘텐츠전공,문화콘텐츠테크놀러지,문화콘텐츠학과,문화콘텐츠학과(인문과학대학),문화콘텐츠학부,문화콘텐츠학전공,문화테크노학과,미디어문화학과,미디어문화학부,미디어콘텐츠창작학과,불교문화콘텐츠전공,역사·문화콘텐츠학과,역사·문화콘텐츠학부,역사문화콘텐츠학과,역사문화콘텐츠학부,영상문화학전공,예술학부 문화예술경영전공,융합콘텐츠학과,인문콘텐츠학부 역사콘텐츠전공,인문콘텐츠학부 한일문화콘텐츠학과,종교문화재학과,컬처앤테크놀로지융합전공,한영문화콘텐츠학과,한자문화콘텐츠학과,한중문화콘텐츠학과",10031,문화콘텐츠학과,304
공학계열,"물류시스템공학과,물류시스템학과,스마트물류공학전공,스마트물류시스템공학과,스마트융합공정공학과,정보물류학과,패키징및물류학전공",172,물류시스템공학과,304
사회계열,"경영물류학과,국제물류전공,국제물류학과,국제물류학전공,글로벌물류학부,동아시아물류학부,물류유통학과,물류통상학과,물류통상학부,물류학과,물류학전공,스마트물류학과,스마트항만물류학과,아태물류학부,항공경영물류학과,항공경영물류학전공,항공교통물류학과,항공물류학과,항공해양물류학과,항만물류시스템학과",21009,물류학과,304
교육계열,"과학교육학부 물리교육전공,물리교육과,물리교육전공,사범교육학부",174,물리교육과,304
의약계열,물리치료학과,176,물리치료학과,304
자연계열,"과학기술정책전공,과학기술학부,과학컴퓨팅학과,과학학과,나노물리학과,나노전자물리학과,데이터정보물리학과,물리・광과학과,물리・천문학부,물리·천문학부(물리학전공),물리및공학물리학전공,물리천문학과,물리학과,물리학전공,물리화학부,반도체물리전자학과,반도체물리학과,수학물리학부(물리ㆍ에너지전공),신소재물리학과,에너지과학과,융합전공학부 물리학-나노반도체물리학,응용과학부,응용광물리학과,응용물리전공,응용물리학과,전자물리,전자물리학과,전자바이오물리학과,지구물리학과,지구물리학전공,첨단과학기술학부(반도체물리전공)",177,물리학과,304
인문계열,"미국문화영어학과,미국학과,미국학전공",179,미국학과,304
예체능계열,"Film & Video 전공,게임VR학부,게임엔터테인먼트학과,게임영상콘텐츠학과,게임콘텐츠전공,공연영상콘텐츠학과,광고홍보커뮤니케이션학부 언론영상콘텐츠전공,디자인·영상학부 영상·영화전공,디자인학부(무대영상디자인전공),디지털영상제작전공,멀티미디어영상과,문화영상학부,미디어영상공연학과,미디어영상제작학과,미디어영화영상제작전공,미디어커뮤니케이션학부(영상콘텐츠전공),미디어컨텐츠디자인학과,미디어콘텐츠대학,방송.영상.뉴미디어전공,방송·영상콘텐츠학과,방송영상학전공,방송영화영상학과,사진미디어전공,사진영상미디어전공,아트앤테크놀로지학과,언론영상학과,영상디자인융합전공,영상문화학과,영상미디어전공,영상영화학과,영상예술디자인학과,영상예술학과(영상기획ㆍ제작트랙),영상이론과,영상콘텐츠전공,영상콘텐츠학과,영상학과,영상학전공,영화방송제작학과,영화영상전공,예술학부 사진영상미디어전공,유튜버학과,인플루언서학과,테크노미디어융합학부 글로벌미디어영상학과,테크노미디어융합학부 미디어디자인・영상전공",360,미디어영상학과,304
사회계열,"AI미디어학과,AI융합미디어창업학과,광고영상미디어학과,극작과,글로벌 K-Culture 학부,다이나믹미디어전공,다이나믹미디어학과,디지털미디어학과,디지털영상전공,디지털콘텐츠디자인학부,디지털콘텐츠창작학과,디지털프로덕션전공,문화미디어전공,문화미디어학과,미디어·광고학부,미디어&엔터테인먼트학과,미디어&콘텐츠학과,미디어공학전공,미디어기술콘텐츠학과,미디어문학과,미디어문학전공,미디어스쿨,미디어언론학과,미디어영상광고학과,미디어영상광고학부 언론영상전공,미디어영상연기학과,미디어영상전공,미디어영상학과,미디어전공,미디어창작학과,미디어커뮤니케이션학과,미디어커뮤니케이션학부,미디어커뮤니케이션학전공,미디어콘텐츠전공,미디어콘텐츠학부,미디어콘텐츠학전공,미디어테크놀로지전공,미디어학부,미용예술학과,방송문예창작학과,방송미디어과학과,방송전공,방송제작학전공,뷰티・패션비즈니스학전공,비즈니스커뮤니케이션전공,사회언론정보학부 미디어커뮤니케이션학전공,스포츠미디어연계전공,실용미디어학과,엔터테인먼트학과,영상콘텐츠융합학과,의료홍보미디어학과,저널리즘전공,정보사회미디어학과,정보학부,커뮤니케이션·미디어학부,커뮤니케이션·미디어학전공,커뮤니케이션학부,커뮤니케이션학전공,콘텐츠제작전공",181,미디어학과,304
자연계열,"미생물・분자생명과학과,미생물나노소재학과,미생물소재학과,생명과학부 미생물학전공,의생명과학부 미생물학전공",21010,미생물학과,304
교육계열,"미술교육과,미술교육과(심화전공),응용미술교육과",183,미술교육과,304
예체능계열,"FineArts학부,문화콘텐츠학부(시각문화큐레이터전공),미술·디자인학부(회화·조소),미술과,미술디자인학전공,미술이론과,미술조형전공,미술창작학부,미술학과,미술학과 현대미술전공,미술학과(한국화전공, 서양화전공, 조소전공, 조형예술이론전공),미술학부,미술학부 기독교미술전공,미술학부 생활예술전공,복지융합인재학부 미술문화복지전공,불교미술전공,비주얼아트학과,서예전공,예술학부 무대미술전공,융합예술학부(현대미술전공),입체미술전공,큐레이터학과,트랜스아트과,현대미술학전공",184,미술학과,304
공학계열,"AI반도체융합전공,AI반도체융합학부,AI반도체학부,AI시스템반도체학,글로벌반도체공학과,나노반도체공학과,나노반도체공학전공,나노융합반도체공학부,나노융합스쿨,디스플레이・반도체물리학과,디스플레이·반도체물리학부,디스플레이반도체공학과,디스플레이반도체공학전공,디스플레이학과,물리반도체과학부,반도체・디스플레이학과,반도체・에너지공학과,반도체ㆍ디스플레이스쿨,반도체ㆍ디스플레이학부,반도체ㆍ전자공학부(반도체공학전공),반도체공학과,반도체공학부,반도체공학부(반도체ㆍ디스플레이전공),반도체공학부(반도체설계전공),반도체과학기술학과,반도체과학전공,반도체기계공학과,반도체기계시스템공학과,반도체디스플레이장비운영학과,반도체디스플레이전공,반도체디스플레이학과,반도체물리전공,반도체물리학과,반도체산업융합학과,반도체설계학과,반도체시스템공학과,반도체시스템공학부,반도체시스템공학부 반도체시스템공학전공,반도체시스템융합공학전공,반도체시스템전공,반도체융합공학과,반도체융합학과,반도체응용물리학과,반도체장비공학과,반도체전공,반도체전자공학과,반도체전자공학부(반도체공학전공),반도체정보공학전공,반도체학과,시스템반도체공학과,시스템반도체학부,융합반도체공학과,전기반도체컴퓨터학부,전기전자공학부 반도체공학전공,전자공학부(차세대반도체전공),전자전기정보공학부(나노반도체공학전공),전자정보공학부 반도체공학과,지능형반도체공학과,지능형반도체공학전공,차세대반도체공학전공,차세대반도체학과,첨단융합학부 지능형반도체전공",195,반도체학과,304
의약계열,"방사선학과,방사선화학과",10012,방사선학과,304
사회계열,"DU인재법학부(공공안전법학전공),DU인재법학부(공법학전공),DU인재법학부(사법학전공),경찰법학과,경찰법학전공,고위공직・법학전공,공공안전법학전공,공공인재법무학과,공공인재법학과,공공인재학부(법학전공),공공인적자원학부(사회과학대학),공무원법학과,공법학전공,과학기술법무전공,금융부동산법무학과,기업융합법학과,발명특허학과,법・경찰학과,법・경찰학부,법・공무행정학과,법·행정학부,법ㆍ행정학과,법경영학부,법경찰학과,법경찰학부,법경찰학전공,법과대학,법률전공,법률학과,법률행정학과,법무법학과,법무법학전공,법무비즈니스학부,법무행정복지학과,법학,법학과,법학과/사회과학대학,법학부,법학부 공법(공공서비스법)전공,법학부 법학전공,법학부 사법(비즈니스・정보법)전공,법학부(공공안전법학전공),법학부(법학전공),법학전공,법행정경찰학부,법행정정치학부,법행정학부,비즈니스법전공,사법학전공,융합실무법학전공,인문콘텐츠학부 지적재산권전공,일반법학전공,지식산업법학과,지식재산학과,지식재산학전공,특허법학전공,해사법학부",203,법학과,304
사회계열,"K-푸드창업학과,기술창업학과,벤처중소기업학과,벤처창업학과,빅데이터창업비즈니스학과,스타트업 전공,외식창업학과,지역사회창업학과,창업경영금융학과,창업경영학과,창업지식재산학과,창업컨설팅학과,창업학과",208,벤처창업학과,304
의약계열,"AI보건정보관리학과,공공복지정보관리학과,공공서비스학부(헬스케어서비스전공),공중보건학과,공중보건학전공,바이오헬스융합대학,바이오헬스컨디셔닝학과,보건건강관리학과(보건건강관리전공),보건계열,보건과학대학,보건과학부,보건관리전공,보건관리학과,보건관리학과(자연과학),보건복지학과,보건산업유통학전공,보건안전전공,보건안전학과,보건의료경영전공,보건의료경영학과,보건의료관리학과,보건의료복지학과,보건의료복지학과(인문사회계열),보건의료정보관리학전공,보건의료정보학과,보건의료학부,보건의료행정전공,보건학부,보건환경학과,보건환경학부,뷰티건강디자인학과,산업보건학과,산업보건학전공,산업안전보건전공,산업안전보건학과,실버보건학과,융합보건학과,헬스케어융합학부(자연과학)",210,보건관리학과,304
사회계열,"보건경영학과,보건복지행정학과,보건의료정보관리전공,보건의료행정학과,보건정책관리학부,보건행정·헬스케어학부,보건행정경영학과,보건행정학과,보건행정학부,보건행정학전공,보건환경학전공,복지・보건학부,의약관리학과",214,보건행정학과,304
사회계열,"IT금융부동산계열,경제금융부동산학과,도시및부동산개발학과,도시부동산공학과,도시부동산학,도시부동산학과,부동산・지적학과,부동산개발경영학전공,부동산개발학과,부동산경매중개학과,부동산경영학,부동산관리학과,부동산국토정보학과,부동산금융·자산경영학과,부동산금융보험학과,부동산금융자산학과,부동산금융재테크학과,부동산금융학과,부동산자산경영학과,부동산자산경영학부,부동산재테크학부,부동산전공,부동산지적학과,부동산투자학전공,융합경영학부 세무・부동산학전공,재무부동산학과,재무부동산학전공,휴먼융합서비스학부(부동산비즈니스전공)",221,부동산학과,304
인문계열,"북한학과,정치행정학부 북한학 전공,통일안보북한학과",223,북한학과,304
인문계열,"불교문화학과,불교인문학부,불교학과,불교학부,불교학역경학전공,불교학전공,응용불교학전공",224,불교학과,304
교육계열,"불어교육과,유럽어교육학부 불어교육전공,프랑스어교육과,프랑스어교육전공",225,불어교육과,304
인문계열,"FATI전공,불어불문학과,불어불문학전공,유럽문화학부(프랑스어문학전공),프랑스·아프리카학과,프랑스어과,프랑스어문·문화학과,프랑스어문전공,프랑스어문학,프랑스어문학과,프랑스어문학전공,프랑스어문화학과,프랑스어학과,프랑스어학부,프랑스언어・문화학과,프랑스언어문화학과,프랑스응용어문학전공",226,불어불문학과,304
예체능계열,"K-뷰티소재학과,K-뷰티학과,K뷰티산업융합학과,K뷰티학부,건강뷰티향장학과,공연예술학부(뷰티케어전공),글로벌K-뷰티학과,글로벌메이크업디자인학과,글로벌뷰티테라피&코스메틱학과,글로벌뷰티학과,글로벌의료뷰티학과,메이크업디자인학과,미래융합학부(뷰티산업학과),미용경영학과,미용과학과,미용과학부,미용복지학과,뷰티디자인경영학과,뷰티디자인매니지먼트학과,뷰티디자인전공,뷰티디자인학과,뷰티디자인학부,뷰티매니지먼트학과,뷰티메디컬디자인학과,뷰티메디컬학과,뷰티미용예술학과,뷰티미용전공,뷰티미용학과,뷰티보건학과,뷰티비즈니스학과,뷰티비즈니스학전공,뷰티산업학과,뷰티스타일학과,뷰티아트케어학과,뷰티예술학과,뷰티케어산업학과,뷰티케어전공,뷰티케어학과,뷰티케어학전공,뷰티테라피 & 메이크업학과,뷰티학과,뷰티향장학과,뷰티헬스전공,뷰티화장품전공,선교학부 미용전공,연계전공학부(미용건강관리전공),의료뷰티학과,코스메틱&뷰티테라피학과,토탈뷰티아트학과,토털뷰티디자인학과,패션.미용학부,피부관리학과,피부미용학과,한방미용예술학과,향장미용학과,헤어･메이크업 디자인학과,헤어디자인학과,화장품뷰티학부(뷰티케어학)",10040,뷰티미용학과,304
사회계열,"국제비서사무전공,국제비서학과,비서행정학과",228,비서행정학과,304
공학계열,사이버국방학과,10119,사이버국방학과,304
예체능계열,"공연영상창작학부(사진전공),광고사진영상학과,미술학과 영상예술전공,방송영상과,방송영상전공,방송영상학과,사진미디어과,사진미디어학과,사진영상드론학과,사진영상미디어학과,사진영상콘텐츠학과,사진영상학과,사진영상학부,사진영상학전공,사진예술학과,사진학과",234,사진영상학과,304
인문계열,"국사학과,국사학전공,동양사학과,미술사학과,미술사학전공,박물관학전공,사학,사학과,사학전공,서양사학과,역사・영상콘텐츠학부,역사관광・외교통상학부(역사관광전공),역사관광・외교학부(역사관광전공),역사문화학부,역사문화학부 사학전공,역사문화학전공,역사콘텐츠학과,융합전공학부 국사학-도시역사경관학 전공,한국사학,한국사학과,한국역사학과",236,사학과,304
교육계열,"경영ㆍ금융교육과,사회과교육과,사회과교육과(심화과정),사회과교육과(심화전공),사회교육과,사회교육과(심화전공),상업정보교육과",21012,사회교육과,304
사회계열,"AI융합사회복지학과,Wel-Tech융합전공,가족복지상담학과,가족복지학과,가족상담복지학과,가족코칭상담학과,공공교육복지학과,공공서비스관리학과,군경상담학과,글로벌미래융합학부,글로컬융합학부,기독교사회복지상담학과,기독교사회복지학과,기독교상담복지학과,다문화복지한국어학과,다문화학과,라이프설계융합학과,라이프설계전공,문화복지융합학과,미래융합학부(사회복지상담전공),미래융합학부(사회복지상담학과),발달재활학과,보건복지대학,보건상담복지학과,보건의료ㆍ사회복지학부,보육・가정상담학과,복지・경영학과,복지경영전공,복지상담경영학과,복지상담융합학부,복지상담학과,복지상담학부,복지상담학부 사회복지전공,복지상담학부 상담심리복지전공,복지서비스학과,복지행정학전공,브리지학부,사회 ・복지학전공,사회·복지학부,사회과학부 사회복지학전공,사회복지・상담심리학부 사회복지학과,사회복지·상담심리학부,사회복지경영학과,사회복지보건학과,사회복지빅데이터학과,사회복지상담심리학과,사회복지상담전공,사회복지상담학과,사회복지상담학과(3년과정),사회복지상담학부,사회복지상담학부(사회복지전공),사회복지상담학전공,사회복지서비스상담학과,사회복지융합전공,사회복지전공,사회복지학,사회복지학과,사회복지학부,사회복지학부 사회복지거시전공,사회복지학부 사회복지미시전공,사회복지학부(사회복지미시전공, 사회복지거시전공),사회복지학부(사회복지서비스전공),사회복지학부(사회복지정책전공),사회복지학전공,사회복지행정학과,사회서비스상담학과,사회서비스융합학과,사회학부 사회복지학전공,사회학부 스포츠복지학전공,산림치유학과,산업복지학과,상담복지학과,상담복지학부,상담심리복지학과,상담심리사회복지학과,상담심리사회복지학부,상담심리치료학과,상담치유복지학과,생활과학부 가정복지상담학전공,생활복지학과,생활환경복지학부,성인학습자학부,스마트평생교육학부,스포츠산업복지학과,시니어복지상담학과,심리치료학과,아동ㆍ사회복지학부,여성학연계전공,요양복지학과,의료복지학과,의료상담학과,장례문화산업학과,장례지도학과,재활복지학과,재활상담학과,재활자립학부,재활학트랙,주거・가족복지전공,중독재활복지학과,중독재활상담학과,중독재활학과,직업ㆍ진로상담학과,토털라이프케어,통합전공,평생교육상담보육학과,행정복지학부(사회복지학전공),헬스케어복지학과,휴먼상담복지학부,휴먼서비스융합학과,휴먼서비스학부,휴먼재활학부(재활학트랙,수어통역교육전공),휴먼케어학과",240,사회복지학과,304
예체능계열,"복지융합인재학부 스포츠복지전공,사회체육전공,사회체육학과,사회체육학부,사회체육학전공,산업스포츠학과,생활체육학과,스포츠과학과,스포츠복지학과,스포츠산업학부(사회체육전공),실버스포츠학과,실버스포츠학전공,축구ㆍ생활체육학과,축구학과",242,사회체육학과,304
사회계열,"공공사회·통일외교학부,공공사회학전공,글로컬융합사회학과,도시사회학과,불교사회학부,사회언론정보학부 사회학전공,사회학,사회학과,사회학전공,사회혁신디자인학과,사회혁신리더학과,융합전공학부 도시사회학-국제도시개발학 전공,이민・다문화전공,정보사회학과,정치・사회학부 사회학전공",243,사회학과,304
자연계열,"목재・종이과학과,목재과학전공,목재응용과학과,산림경영학과,산림경영학전공,산림과학과,산림과학부,산림비즈니스학과,산림소재공학전공,산림응용공학부,산림자원・조경학부(산림자원학전공),산림자원.조경학부,산림자원및조경학과,산림자원보호학전공,산림자원조성학전공,산림자원학과,산림자원학부,산림자원학전공,산림학과,산림환경보호학과,산림환경보호학전공,산림환경자원학과,산림환경자원학전공,생명자원산업학과,생태환경시스템학부(산림환경자원전공, 식물자원환경전공),에너지・자원공학전공,에너지.자원공학과,원예산림학부,자연숲치유산업학과,자원・에너지공학과,환경산림과학부 산림융복합학전공(야),환경산림과학부(통합대학)",245,산림자원학과,304
사회계열,"HR산업경영학과,강소기업경영학과,국제산업정보학과,글로벌융합학부,산업경영학부,산업보안학과,산업안전경영학부(산업경영전공),스마트경영학과,스포츠산업경영학과,신산업융합경영학과(야)",247,산업경영학과,304
공학계열,"ICT경영학부,ICT창업학부,MSDE학과,경영공학과,경영공학전공,기계・스마트・산업공학부(산업공학전공),기계·산업경영공학부 산업경영공학과,기술・데이터공학전공,기술경영공학과,기술융합공학과,디지털융합경영전공,반도체인프라및환경융합공학전공,빅데이터경영공학과,사회기반공학전공,사회기반시스템공학과,산업・데이터공학과,산업・정보시스템공학과,산업경영・빅데이터공학전공,산업경영·안전공학부,산업경영ㆍ산업안전공학부,산업경영공학과,산업경영공학부,산업경영공학전공,산업경영빅데이터공학과,산업경영정보공학과,산업공학,산업공학과,산업공학과(ITM전공),산업공학과(산업정보시스템전공),산업공학전공,산업기계공학과,산업기술융합공학과,산업및기계공학부,산업및시스템공학과,산업설비융합학과,산업시스템 및 조선해양 융합공학부,산업시스템공학과,산업시스템공학부,산업시스템공학전공,산업안전경영공학과,산업안전경영학부(산업안전전공),산업안전공학과,산업융합공학과,산업융합시스템공학부,산업융합학부,산업정보시스템공학과,산업품질공학전공,생명산업공학과,생산경영공학과,생산정보기술공학전공,스마트경영공학과,스마트경영공학부,스마트생산융합시스템공학과,스마트제조공학과,스마트제조혁신컨설팅학과,스마트팩토리공학과,스마트팩토리융합학과,스마트팩토리컨설팅학과,스마트팩토리혁신학과,시스템경영공학과,신뢰성품질공학과,에너지경영학과,융합기술경영학부,융합기술창업학과,융합산업공학과,융합산업학과,응용시스템전공,인간공학과,인프라시스템학과,정보·컴퓨터공학부 산업공학전공,정보산업공학전공,정보융합전공,조기취업형계약학부 스마트경영공학과,지능・데이터융합학부 스마트생산전공,첨단공학부  산업공학전공,첨단산업융합학과,컴퓨터・데이터공학부 산업・데이터공학전공,컴퓨터・미디어・산업공학부 산업경영공학전공,테크노산업공학과,품질경영공학과",250,산업공학과,304
예체능계열,"건축・디자인・패션대학 산업디자인학과,디자인·영상학부 프로덕트디자인전공,디자인공학부(산업디자인공학전공),디자인및인간공학부,디자인학과(산업디자인전공),디자인학부 산업디자인전공,디자인학부(산업디자인전공),문화상품디자인학과,미술·디자인학부(디자인),산업・패션디자인학부,산업디자인공학과,산업디자인공학부,산업디자인공학전공,산업디자인과,산업디자인융합학과,산업디자인전공,산업디자인전공(신),산업디자인학과,산업디자인학전공,생활디자인학과,생활제품디자인학과,실내ㆍ산업디자인학과,인더스트리얼디자인전공,자동차ㆍ운송디자인학과,제품공간디자인전공,제품디자인공학과,제품디자인공학전공,제품디자인전공,제품디자인학과,제품인터랙션디자인전공,프로덕트디자인학전공",253,산업디자인학과,304
자연계열,"글로벌바이오메디컬공학과,글로벌비즈니스학부(회계학전공),글로벌생명공학전공,나노화학생명공학과,농생명산업학전공,농식품생명공학부,동물생명공학과,동물생명공학전공,동물생명과학전공,동물생명환경과학과,동물식품・동물생명공학과군,바이오・의생명공학과,바이오공학과,바이오공학전공,바이오기능성소재학과,바이오메디컬공학과,바이오메디컬공학부,바이오메디컬공학부(헬스케어기기공학전공),바이오메디컬공학부(헬스케어정보공학전공),바이오메디컬공학전공,바이오메디컬전공,바이오메디컬정보학과,바이오메디컬학과,바이오메디컬화학공학과,바이오및뇌공학과,바이오산업공학부,바이오산업공학전공,바이오산업융합학부,바이오산업자원공학전공,바이오생명공학과,바이오생명공학전공,바이오생활공학전공,바이오시스템공학과,바이오시스템공학전공,바이오신약의과학부,바이오융합공학계열,바이오융합공학전공/생명시스템학부,바이오융합과학부,바이오융합전공,바이오융합학과,바이오융합학부,바이오융합학부 식품개발학전공,바이오응용공학부,바이오의약공학전공,바이오의약전공,바이오의약학과,바이오의약학부,바이오의약학전공,바이오제약공학과,바이오제약공학전공,바이오테크놀로지학부,바이오학부,바이오헬스케어학부,백신생명공학과,분자생명공학과,분자생명공학전공,분자생명과학과,생명공학과,생명공학대학,생명공학부,생명공학부(생명자원소재공학전공),생명공학부(환경생명공학전공),생명공학전공,생명과학부 생명공학전공,생명자원공학부(동물생명공학전공),생명자원공학부(식물생명공학전공),생명자원공학부(식물시스템과학전공),생명자원학부 식량생명공학전공,생명정보공학과,생명화학공학과,생명화학공학부,생명화학공학부 생명공학전공,생명화학공학전공,생명환경공학과,생명환경공학전공,생체공학전공,생체의공학과,시스템생명공학과,시스템생명공학전공,식물생명공학부,식품・동물생명공학부,식품생명공학전공/생명시스템학부,융합생명공학과,응용생명공학부,응용화학생명공학과,의생명공학과,의생명공학부,의생명공학전공,의생명과학과,의생명과학전공,의생명융합공학부,의생명화학과,의생명화학전공,의약바이오학과,의약바이오학부,의약생명공학과,의약생명과학과,인체정화생명공학과,임산생명공학과,지역 ・ 바이오시스템공학과,친환경과학부,한방생명공학과,헬스케어생명공학전공,화장품생명공학부,화학생명공학과,환경생명공학과",260,생명공학과,304
자연계열,"BT융합학부,K-뷰티바이오비즈니스융합전공,K-뷰티비즈니스학과,나노바이오전공,농생명ICT학과,농생명과학과,뇌・인지과학부,동물생명과학과,동물생명시스템전공,동물생명시스템학과,미생물분자생명과학과,바이오공학및마케팅,바이오나노학과,바이오로직스학과,바이오메디대학,바이오시스템・소재학부,바이오시스템의과학부,바이오식품과학과,바이오식품의과학과,바이오싸이언스,바이오융합공학과,바이오의약공학과,바이오인포매틱스전공,바이오헬스융합학과,바이오헬스케어학과,바이오헬스학부,바이오화학산업학부,분자생명과학전공,분자의생명전공,뷰티바이오산업학과,생명과학 광역모집,생명과학・화학부,생명과학과,생명과학기술학부,생명과학기술학전공,생명과학대학,생명과학부,생명과학부 바이오헬스전공,생명과학부 의생명과학전공,생명과학부(생명과학전공),생명과학전공,생명과학정보학과,생명과학정보학부,생명과학특성학과,생명나노공학과,생명보건계열,생명보건학부,생명시스템계열,생명시스템과학과,생명시스템학과,생명시스템학부,생명신소재융합학부,생명자원공학부,생명정보융합학과,생명화학부,생명화학전공,생명환경학과,생명환경학부,생물산업공학부,생물산업기계공학전공,수산생명의학과,스마트바이오학과,스마트생명산업융합학과,스마트팜생명과학과,식물생명과학과,식물생명환경과학과,식품제약학과,식품제약학부,식품제약학부 제약전공,심리뇌과학전공,아로마약리학전공,언더우드 생명과학공학전공,융합바이오학과,융합전공학부 생명과학-빅데이터분석학전공,융합전공학부 생명과학-통계학 전공,응용생명공학전공,응용생명과학부,응용생명과학부 식물생명과학전공,응용생명과학부(식물생명과학전공, 환경생명화학전공),응용생명과학전공,의료생명공학과,의생명·보건학부,의생명과학부 생명과학전공,의생명과학부 의생명시스템학전공,의생명소재공학과,의생명시스템학부,의생명융합학부,작물생명과학과,줄기세포재생공학과,첨단융합학부 융합바이오헬스전공,코스메디컬소재학과,항노화신소재과학과,해양식품생명의학과,화장품약리학전공,화학생명과학과,화학생명과학부,화학생명과학부(생명과학전공),화학생명분자과학부,화학생명환경과학부,환경안전공학과",261,생명과학과,304
교육계열,"과학교육학부 생물교육전공,생물교육과,생물교육전공",263,생물교육과,304
자연계열,"농업토목.생물산업공학부 생물산업기계공학전공,생물산업기계공학과,스마트생물산업기계공학과",10048,생물산업기계공학과,304
자연계열,"곤충생명과학과,농생물학과,미생물학과,바이오산업학부,바이오소재과학과,분자생물학과,분자생물학전공,분자진단과학전공,생명과학부 생물과학전공,생명과학부 생물학전공,생명과학부(분자생물학전공),생명환경학부(바이오산업학전공),생물공학과,생물공학전공,생물과학과,생물과학부(생물학전공),생물산업공학전공,생물의약학과,생물학과,생물학전공,생물학화학융합학부,시스템생물학과,식물의학과,양식생물학과,응용생명과학부 응용생물학전공,응용생물공학과,응용생물전공,응용생물학과,응용생물학전공,응용생물화학부,응용생물화학전공,자원생물환경학과,해양바이오공학과,해양생물공학과,화학생물공학부",265,생물학과,304
자연계열,"Pre-Pharm Med학과,농생명화학과,바이오발효융합학과,생명과학부 생화학전공,생화학과,생화학전공,응용화학공학부 응용화학전공,응용화학과,응용화학부,응용화학전공,정밀응용과학부,화장품.뷰티생명공학부,화학ㆍ생화학부,화학생화학과,화학생화학부",267,생화학과,304
예체능계열,"미술학부 서양화전공,미술학부(서양화전공),서양화·미술경영학과,서양화과,서양화전공,회화학부(서양화전공)",272,서양화과,304
인문계열,"국제문화선교학과,문화선교학과,사회복지선교학과,선교문화복지학과,선교학부,태권도선교학과",276,선교학과,304
공학계열,"[화학소재]소재디자인공학전공,고분자섬유나노공학부(유기소재섬유공학전공),섬유소재공학과,섬유시스템공학과,섬유패션디자인학부 섬유공학전공,유기소재・섬유시스템공학과,유기소재섬유공학과,유기재료공학과,파이버시스템공학과",279,섬유공학과,304
예체능계열,"섬유・패션디자인학과,섬유・패션학부,섬유디자인학과,섬유디자인학전공,섬유미술ㆍ패션디자인과,섬유예술전공(섬유・패션학부),섬유패션디자인학과,텍스타일디자인전공,텍스타일디자인학과",282,섬유디자인학과,304
예체능계열,"보컬전공,성악・뮤지컬학과,성악・뮤지컬학부,성악과,성악과(정원외),성악전공,성악전공(신),예술학부(성악전공),음악학과 성악ㆍ작곡전공,음악학부 성악전공,음악학부(성악),음악학부(성악전공)",283,성악과,304
공학계열,"나노・신소재공학부(세라믹공학전공),세라믹공학전공,세라믹신소재공학전공,전자공학부 반도체공학전공",285,세라믹공학과,304
사회계열,"경제세무학과,금융・세무학과,세무・회계학과,세무경영학과,세무금융전공,세무학과,세무학전공,세무회계금융학과,세무회계학전공",286,세무학과,304
사회계열,"경영학부(세무회계학전공),빅데이터자산관리학과,세무・회계・금융학과,세무회계전공,세무회계학과,스마트자산경영학과,자산관리학부,재무·회계·세무학과,회계・세무학과,회계세무부동산학과,회계세무전공,회계세무학과,회계세무학부,회계세무학전공,회계재무학전공",10154,세무회계학과,304
공학계열,"건축소방행정학과,경찰소방학부(소방학전공),설비·소방공학과,소방.전기융합학과,소방ㆍ안전학부,소방공학과,소방방재공학과,소방방재공학전공,소방방재드론학과,소방방재안전학과,소방방재안전학부,소방방재융합학과,소방방재전공,소방방재학과,소방방재학부,소방방재환경전공,소방안전공학과,소방안전관리학과,소방안전방재학과,소방안전학부 소방안전전공,소방안전학부 인명구조전공,스마트융합공학부 소방방재전공,신산업융합학부(소방에너지시스템전공),안전공학부 소방방재학전공,안전소방학부,전기소방안전학과",10015,소방방재학과,304
공학계열,"AI소프트웨어융합학부,IoT소프트웨어전공,IT소프트웨어공학과,IT소프트웨어학과,SW안전보안전공,글로벌소프트웨어학과,미디어SW,사물인터넷학과,소프트웨어계열,소프트웨어공학과,소프트웨어공학전공,소프트웨어미디어융합전공,소프트웨어융합공학과,소프트웨어융합전공,소프트웨어융합학과,소프트웨어융합학부,소프트웨어전공,소프트웨어학과,소프트웨어학부,소프트웨어학부 소프트웨어전공,소프트웨어학부(소프트웨어전공),소프트웨어학전공,시스템소프트웨어전공,인터넷소프트웨어학과,임베디드소프트웨어학과,전자공학부(임베디드시스템전공),컴퓨터・소프트웨어계열,컴퓨터・소프트웨어공학과,컴퓨터SW,컴퓨터공학부(소프트웨어전공),컴퓨터소프트웨어공학과,컴퓨터소프트웨어공학부,컴퓨터소프트웨어공학전공,컴퓨터소프트웨어학과,컴퓨터소프트웨어학부,컴퓨터소프트웨어학부(소프트웨어학전공),컴퓨터소프트웨어학전공,컴퓨터시뮬레이션학과,컴퓨터예술학부,컴퓨터정보공학부(컴퓨터소프트웨어전공)",290,소프트웨어공학과,304
자연계열,"글로벌블루수산융합전공,수산해양산업관광레저융합학과,스마트수산자원관리학과,식품・수산학부,식품과학・수산생명의학부,양식생명과학과,양식응용생명과학전공,자원생물학전공,해양수산공공인재학과",21014,수산학과,304
자연계열,"동물바이오헬스학과,동물보건복지학과,동물보건생명과학과,동물보건학과,동물의료관리학과,동물행동복지학전공,미래융합학부(반려동물복지학과),반려동물관리학과,반려동물보건학과,반려동물산업학부,반려동물전공,반려동물학부,반려동물학전공,반려동식물학과,수의예과,수의학과,애견미용ㆍ행동교정학과",296,수의학과,304
자연계열,"AI수리학과,금융수학과,금융정보공학과(이공대학),데이터계산과학전공,데이터응용수학전공,수리과학과,수리과학부,수리금융학과,수리데이터사이언스학과,수리빅데이터학과,수리빅데이터학부(수학・산업수학전공),수리정보과학과,수학・정보통계학부 수학전공,수학ㆍ정보통계학부,수학과,수학물리학부,수학물리학부(수학전공),수학전공,융합수리과학부,응용수리과학부,응용수학과,응용수학부,응용수학전공,정보보안암호수학과,정보수학과,컴퓨터수학과",298,수학과,304
교육계열,"수학교육과,수학교육과(심화전공)",299,수학교육과,304
교육계열,"수해양산업교육과,수해양산업교육과 기관공학전공,수해양산업교육과 냉동공학전공,수해양산업교육과 식품공학전공,수해양산업교육과 양식공학전공,수해양산업교육과 어업공학전공,수해양산업교육과 항해공학전공",10033,수해양산업교육과,304
인문계열,스토리텔링학과,10115,스토리텔링학과,304
인문계열,"서어서문학과,스페인・중남미학과,스페인・중남미학전공,스페인어・중남미학과,스페인어과,스페인어전공,스페인어중남미학과,스페인어학부,외국어자율전공학부 스페인어중남미전공,유럽언어문화학부(스페인어전공),중남미학부(스페인어전공)",303,스페인어학과,304
예체능계열,"건강스포츠전공,건강스포츠학과,건강스포츠학부,스포츠건강과학과,스포츠건강과학부,스포츠건강과학전공,스포츠건강관리학전공,스포츠건강재활학과,스포츠건강학과,스포츠건강학부,스포츠건강학전공,스포츠경영관리학전공,스포츠과학대학,스포츠과학부,스포츠과학부 피트니스재활전공,스포츠과학부(골프지도전공),스포츠과학부(생활체육학전공),스포츠과학전공,스포츠무용학부 스포츠건강관리전공,스포츠의학과,스포츠의학전공,스포츠재활학과,스포츠헬스케어학과,시니어스포츠학과,시니어스포츠학전공,시니어운동처방학과,시니어웰니스학부,실버스포츠복지학과,운동처방학과,운동처방학전공,웰빙체육학부,항노화헬스케어학과,헬스케어운동학과",306,스포츠건강관리학과,304
사회계열,"마케팅・경영학과,마케팅・리더십경영학부,마케팅・지속경영리더십전공,뷰티・패션산업마케팅전공,스포츠경영학과,스포츠마케팅전공,스포츠마케팅학과,스포츠마케팅학과(예체능),스포츠매니지먼트전공,스포츠비즈니스학과,스포츠산업학과,스포츠산업학부,스포츠산업학부(스포츠산업전공),스포츠산업학전공",304,스포츠마케팅학과,304
예체능계열,"겨루기전공,격기지도학과,경기지도학과,경기지도학전공,골프지도학과,레저스포츠지도학과,무도지도학전공,스포츠교육학과,스포츠지도ㆍ건강재활전공,스포츠지도전공,스포츠지도학과,스포츠지도학전공,스포츠청소년지도학과,스포츠코칭전공,스포츠학부 스포츠지도학전공,신체활동디자인학과,유도경기지도학과,융합스포츠지도학과,전문스포츠지도전공,체육학부 경기지도학전공,태권도경기지도학과,평생체육지도전공,품새전공",307,스포츠지도학과,304
예체능계열,"AI디자인학과,CG디자인전공,CG디자인학전공,VD_비주얼디자인,뉴미디어디자인학과,디자인비즈니스학과,디자인컨버전스학부,디자인테크놀로지학과,디자인학과(시각디자인전공),디자인학부 AR・VR미디어디자인전공,디자인학부 시각디자인전공,디자인학부 시각영상디자인전공,디자인학부 영상디자인전공,디자인학부(시각디자인전공),복지융합인재학부 유니버설비주얼디자인전공,비쥬얼디자인학전공,시각・영상디자인과,시각・영상디자인학과,시각&실내디자인학과,시각ㆍ영상디자인전공,시각광고디자인전공,시각디자인과,시각디자인융합학부,시각디자인융합학부(시각디자인전공),시각디자인전공,시각디자인학과,시각디자인학전공,시각멀티미디어디자인학과,시각미디어디자인전공,시각미디어디자인학과,시각영상디자인전공,시각영상디자인학과,시각융합디자인학과,시각정보디자인전공,시각정보디자인학과,시각조형디자인학과,시각커뮤니케이션디자인학과,영상디자인전공,영상디자인학과,영상디자인학전공,영상애니메이션전공,예체능학부 유니버설아트디자인전공,유니버설아트디자인학과,융・복합시각예술디자인학부,융합디자인학부",309,시각디자인학과,304
공학계열,"산업경영시스템공학과,시스템경영・안전공학부",310,시스템경영공학과,304
공학계열,"IT시스템공학과,건설시스템공학과,건설시스템공학부,건설시스템공학전공,냉동공조・에너지시스템공학전공,사회기반시스템공학부,스마트시스템공학과,스마트자동화시스템전공,융복합시스템공학부,융복합시스템공학부 플랜트시스템전공 ,융합학부 로봇및스마트시스템공학전공,인간・시스템디자인공학전공,인프라시스템공학과",311,시스템공학과,304
자연계열,"생명자원융합학과,생명자원학부,생명자원환경과학부,생물자원과학부,식량생명공학과,식량자원과학과,식의약자원개발학과,자원공학과",21016,식량자원학과,304
자연계열,"농업식물과학과,생물자원공학전공,식물생산과학부,식물의학전공,식물자원응용공학과,식물자원응용공학전공,식물자원응용과학전공,식물자원조경학부,식물자원학과,식물자원학과(야간),식물자원학전공,식물자원환경전공,식물자원환경화학부 식물자원학전공,웰빙자원학과,응용생명공학부 식물의학전공,응용식물학과,자원환경공학과,친환경식물학부,특용식물학과",450,식물자원학과,304
자연계열,"농화학식품공학과,바이오기능성식품학과,바이오식품공학과,바이오식품기계공학부,식물식품공학과,식품ㆍ제약공학부,식품가공학전공,식품공학과,식품공학부,식품공학부(식품공학전공),식품공학부식품생물공학전공,식품공학부식품소재공학전공,식품공학부식품응용공학전공,식품공학전공,식품공학전공/생명시스템학부,식품과학부,식품과학부(식품공학전공),식품생명·축산과학부 식품생명공학전공,식품생명공학과,식품생명공학전공,식품생명과학부,식품생명과학부(식품생명공학전공),식품생명학부,식품생명화학공학부,식품생물공학과,식품생물공학전공,해양식품공학과",314,식품공학과,304
자연계열,"Bakery&Beverage전공,K-Food조리전공,건강기능식품학과,건강식품과학전공,건강식품관리전공,농생명식품융합학과,농식품생명화학부,동물성식품소재학전공 트랙,동물식품응용과학과,미래융합학부(영양식품학과),바리스타・소믈리에학과,바이오식품산업전공,바이오식품산업학부,바이오식품소재학과,바이오식품영양학부,바이오식품외식산업학과,바이오식품학전공,바이오헬스융합학부,생활과학부 식품영양학전공,서양조리전공,서양조리학과,스마트푸드테크학과,식음료베이커리창업학과,식품·환경학부,식품가공학과,식품개발학과,식품공학부(식품영양전공),식품과학과,식품산업관리학과,식품산업학과,식품생명과학과,식품생명과학부(식품영양학전공),식품생명영양학과,식품영양・식품공학부,식품영양과학부,식품영양조리학부,식품영양학과,식품영양학부,식품영양학부(식품영양학전공),식품영양학전공,식품영양학전공 트랙,식품외식산업학과,식품유통공학과,식품응용시스템학부,식품제약학부 식품전공,식품조리학과,식품조리학부,식품조리학전공,식품학과,식품학전공,식품환경화공학부,약선전공,연계전공학부(웰빙조리창업전공),영양식품학과,영양조리과학과,와인사이언스학과,와인식음료학과,외식・조리학과,외식사업학과,외식의류학부 식품영양학전공,외식조리ㆍ관광서비스학과,외식조리영양학부,외식조리전공,외식조리제과제빵학부,외식조리창업전공,외식조리학과,외식조리학부 제과제빵ㆍ조리전공,외식조리학부 한식・조리과학전공,외식조리학전공,제과제빵학과,조기취업형계약학부 스마트푸드테크학과,푸드케어약선학과,푸드케어학과,푸드케어학부,한방식품조리영양학부,항공식품・물류학과,항공식품전공,해양바이오식품학과,해양바이오식품학과 해양식품융합전공,호텔디저트식음료전공,호텔외식조리베이커리학과,호텔외식조리전공,호텔외식조리학과,호텔외식조리학부,호텔조리베이커리학과,호텔조리전공,호텔조리학과,화장품식품개발학부 식품개발학전공",318,식품영양학과,304
자연계열,식품자원경제학과,21017,식품자원경제학과,304
사회계열,"AI크리에이터학과,미디어영상홍보학과,미디어콘텐츠융합자율학부,미래문화예술계열,사회언론정보학부 신문방송학전공,신문방송학과,신문방송학전공,언론ㆍ정보전공,언론미디어전공,언론영상전공,언론영상학부,언론영상학전공,언론정보전공,언론정보학과,언론정보학전공,인터넷방송전공,인터넷방송학과",322,신문방송학과,304
공학계열,"고분자·바이오소재전공,금속신소재공학전공,기계・신소재공학과(신소재공학트랙),나노소재공학부 신소재공학전공,나노소재공학부 에너지화공전공,나노재료공학전공,디스플레이신소재공학과,바이오섬유소재학과,바이오소재전공,반도체・에너지신소재공학부,반도체ㆍ신소재공학과,반도체신소재공학과,배터리융합공학과,부품소재공학과,산림바이오소재공학과,산림바이오소재공학전공,생물의소재공학과,세라믹신소재공학과,소재디자인공학과,스마트융합공학부 소재・부품융합전공,식물・환경신소재공학과,신소재・화공시스템공학부,신소재・화장품공학부,신소재·화공시스템공학부 신소재공학전공,신소재ㆍ생명화학공학부,신소재공학,신소재공학과,신소재공학부,신소재공학부 금속신소재공학전공,신소재공학부 전자재료공학전공,신소재공학부 정보소재공학전공,신소재공학전공,신소재금속공학과,신소재금속공학전공,신소재물리전공,신소재시스템공학전공,신소재에너지공학전공,신소재에너지시스템공학부(신소재에너지공학전공),신소재화학공학과,신소재화학공학부,신소재화학공학부 신소재공학과,신소재화학과,신소재화학과(자연),신소재화학전공,에너지 신소재ㆍ화학공학부(신소재공학전공),에너지소재공학과,에너지신소재공학과,에너지신소재공학전공,유기소재시스템공학과,융합소재공학과,융합소재공학부,융합신소재공학과,융합신소재공학전공,융합에너지공학과,융합에너지신소재공학과,응용신소재공학전공,재료융합공학부 신소재공학전공,재료화학공학과,전기전자소재공학전공,정보전자신소재공학과,종이소재과학전공,첨단소재공학과,첨단신소재공학과,첨단재료공학과,탄소나노신소재공학과,항공신소재전공,해양신소재융합공학과,화학신소재공학부,화학신소재공학전공,화학신소재학과,환경소재공학과",324,신소재공학과,304
인문계열,"글로벌미션신학부,복지신학과,신학,신학계열,신학과,신학과경배찬양학과,신학부,신학부 신학전공,신학부(신학전공),신학순결학과,신학전공",326,신학과,304
예체능계열,"가구디자인학과,가구리빙디자인학과,건축실내디자인전공,디자인학부 시각&실내디자인전공,디자인학부(실내환경디자인전공),라이프스타일디자인학부,라이프스타일디자인학부(실내디자인전공),리빙디자인학과,생활공간디자인학과,서피스ㆍ인테리어디자인학과,스페이스디자인전공,실내가구디자인학과,실내건축디자인전공,실내건축디자인학과,실내공간디자인학과,실내공간디자인학전공,실내디자인전공,실내디자인학과,실내환경디자인전공,실내환경디자인학과,의료공간디자인학과,인테리어디자인학과",10024,실내디자인학과,304
예체능계열,"K-POP학과,K-POP학부,PostModern음악학과,공연예술학부 실용음악전공,공연예술학부(실용음악전공),교회실용음악전공,교회실용음악학부,글로벌예술학부(실용음악전공),뉴뮤직과,문화예술학부 실용음악전공,생활음악과,실용음악공연학과,실용음악과,실용음악음향과,실용음악음향전공,실용음악전공,실용음악학과,실용음악학부,실용음악학부 보컬전공,실용음악학전공,실용콘텐츠창작학과,융합예술실용음악학과,음악학과 실용음악전공,음악학부 실용음악학전공,음악학부(기독교실용음악전공)",329,실용음악학과,304
인문계열,"군경소방상담전공,군상담심리학과,놀이심리재활전공,뇌·인지과학전공,뇌기반감정코칭학과,뇌인지과학과,다문화・심리상담학과,다문화ㆍ심리상담학부,명상심리상담학과,명상치료학과,범죄교정심리학전공,브레인트레이닝학과,사회복지・상담심리학부 상담심리학과,사회복지상담학부(상담심리전공),사회심리학과,산업심리학과,상담ㆍ산업심리학과,상담ㆍ임상심리학과,상담산업심리학과,상담심리전공,상담심리학과,상담심리학전공,상담학과,스마트통합치유학과,심리ㆍ아동학,심리ㆍ아동학부,심리상담학과,심리상담학부,심리운동ㆍ상담학과,심리운동치료학과,심리치료학부,심리학과,심리학부,심리학전공,아동보육상담학과,아동복지상담심리학부(상담심리학전공),아동상담심리학과,아동심리상담학과,예술심리치료전공,의료심리학과,임상심리전공,임상심리학과,재활상담심리학과,특수상담치료학과,특수심리치료학과,포교사회학상담학전공",330,심리학과,304
자연계열,"가정관리학과,가족주거학과,소비자·가족학과,소비자가족학과,소비자생활정보학과,소비자아동학과,소비자아동학부,소비자아동학부(소비자학전공),소비자아동학부(아동가족학전공),소비자아동학전공,소비자정보학전공,소비자학과,소비자학전공,아동・가족학과,아동가족학과,아동가족학전공,아동학부 아동가족학전공,청소년・가족전공",7,아동가족학과,304
사회계열,"가정아동복지학과,가족아동복지학과,기독교아동복지학과,사회과학부 아동학전공,사회복지・아동학부,사회복지보육전공,아동・가정복지학전공,아동・가족상담학과,아동・복지상담학과,아동・생활복지전공,아동・청소년교육상담학과,아동・청소년복지학과,아동ㆍ사회복지학과,아동가정복지학과,아동가족복지학과,아동가족복지학전공,아동가족상담학과,아동복지경영학과,아동복지상담심리학부(아동복지학전공),아동복지상담전공,아동복지상담학과,아동복지전공,아동복지학과,아동복지학과(아동복지학),아동복지학부,아동복지학전공,아동사회복지학부,아동심리교육전공,아동심리교육학과,아동심리학과,아동청소년상담스마트융합학과,유아특수재활학과",333,아동복지학과,304
사회계열,"아동・청소년학과,아동·보육전공,아동청소년학과,아동청소년학전공,아동학과,아동학과(인문사회),아동학부,아동학부 아동학전공,아동학전공,영유아발달치료융합전공,영유아보육학전공",334,아동학과,304
인문계열,,336,아프리카어과,304
공학계열,"건설스마트안전공학과,건설시스템안전공학과,건설안전공학과,방재안전공학전공,방재안전관리전공,방재안전토목학과,보건산업안전학 전공,보건안전공학과,보건안전학부,산업안전ㆍ주택관리학부,산업안전공학전공,산업안전소방학과,산업안전학과,설비소방학과,소방안전학과,소방안전학부,소방안전환경학과,소방재난관리학과,스마트안전공학부,스마트안전시스템학부,안전공학과,안전공학부,안전공학전공,안전관리학과,안전방재공학과,안전보건공학과,안전보건전공,안전보건학과,안전융합공학과,재난관리공학전공,재난방재과학전공,재난안전경영학과,재난안전소방학과,재난안전학과,재난안전학부",338,안전공학과,304
의약계열,"미래산업약학전공,산업제약학과,약학계열,약학계열(6년제),약학과,약학과(2+4년제),약학과(2+4학제),약학과(6년제),약학기본과정(2+4학제),약학대학,약학부,약학부(통합6년제),약학전공,약학전공(6년제),약학전공(통합6년제),의약공학과,제약학과,제약학과(2+4학제),제약학전공,제약학전공(6년제),제약학전공(통합6년제),혁신신약학과",341,약학부,304
사회계열,"미디어광고콘텐츠학과,언론광고학부,언론홍보영상학부,언론홍보학과,정치언론홍보학과,행정・언론학부",344,언론홍보학과,304
인문계열,"언어인지과학과,언어정보학과,언어학과",345,언어과학과,304
교육계열,"미래융합학부(언어재활심리학과),언어병리학전공,언어청각치료학과,언어청각학부,언어치료전공,언어치료청각학과,언어치료학과,언어치료학전공",346,언어치료학과,304
공학계열,"2차전지재료학과,글로벌신재생에너지학과,기후·에너지시스템공학전공,기후에너지시스템공학과,미래에너지공학과,미래에너지공학융합전공,미래에너지융합학과,바이오에너지공학과,바이오환경에너지학과,배터리공학과,배터리학과,생명화학공학부 화학에너지공학전공,수소시스템공학과,스마트배터리공학과,스마트배터리학과,스마트에너지ㆍ환경전공,스마트에너지시스템공학과,스마트에너지시스템학과,스마트에너지학과,신에너지・자원공학과,신재생에너지공학과,신재생에너지공학전공,신재생에너지반도체공학부,신재생에너지학과,신재생에너지학부,양자시스템공학과,양자원자력공학과,에너지 및 화학공학부,에너지・전기공학전공,에너지·광기술융합학부,에너지ICT공학부,에너지IT학과,에너지ㆍ전기공학과,에너지공학과,에너지공학부,에너지공학부 신재생에너지전공,에너지공학부 에너지변환전공,에너지공학전공,에너지관리학과,에너지기계공학과,에너지기계공학부,에너지리사이클링학과,에너지부품소재전공,에너지소재공학전공,에너지시스템공학과,에너지시스템공학부,에너지신산업학부,에너지응용화학전공,에너지자원·산업공학부,에너지자원공학과,에너지자원공학전공,에너지자원융합공학전공,에너지자원화학공학과,에너지전기공학부,에너지플랜트공학과,에너지학과,에너지화학공학과,에너지화학공학전공,에너지환경공학과,에너지환경공학전공,에너지환경융합전공,원자력·에너지시스템공학전공,원자력에너지산업학과,융합에너지시스템공학부,융합학부 수소 및 신재생에너지전공,이차전지공학과,인간환경융합공학부 에너지·자원공학과,자원에너지시스템공학과,전기ㆍ배터리공학과,전기ㆍ신소재공학부,전기에너지공학과,전기에너지공학전공,지구자원시스템공학과,첨단에너지공학과,청정융합에너지공학과,친환경에너지공학과,친환경에너지공학전공,태양광에너지공학과,토목/환경/자원ㆍ에너지공학부(자원ㆍ에너지공학전공),화공생명배터리공학부(배터리공학전공),환경・에너지공학부 미래에너지공학전공,환경에너지공간융합학과,환경에너지공학과,환경에너지공학전공,환경에너지학과",448,에너지자원공학과,304
교육계열,"역사교육과,역사교육전공",350,역사교육과,304
예체능계열,"Film and Visual Effects학과,K-컬처공연・기획학과,K-컬쳐엔터테인먼트학부,TV・영화학부,공연미디어학부,공연방송연기학과,공연엔터테인먼트학과,공연영상창작학부,공연영상창작학부(공간연출전공),공연영상창작학부(문예창작전공),공연영상창작학부(연극전공),공연영상창작학부(영화전공),공연영상학과,공연영상학부,공연영화학부,공연영화학부 뮤지컬전공,공연영화학부 연극전공,공연영화학부 영화전공,공연예술뮤지컬전공,공연예술뮤지컬학과,공연예술음악과,공연예술전공,공연예술콘텐츠학과,공연예술학부 모델전공,공연예술학부 방송연예전공,공연예술학부(공연예술전공),공연예술학부(뮤지컬전공),국제자유전공학부 영상연기&제작전공,글로벌예술학부(TV방송연예전공),매체연기학과,모델과,모델연기전공,모델연기학과,모델콘텐츠학과,무대기술전공,문화예술학부 뮤지컬전공,문화예술학부 연기예술전공,문화예술학부(공연예술전공),뮤지컬(방송연기)전공,뮤지컬ㆍ실용음악학과,뮤지컬엔터테인먼트과,뮤지컬콘서트학부(공연기획경영전공),뮤지컬콘서트학부(실용음악전공),뮤지컬학과,방송시각영상디자인학부,방송연예과,방송연예전공,방송연예학과,방송영상전공 트랙,방송영화학과,연극,연극무용학과,연극뮤지컬과,연극뮤지컬음악전공,연극뮤지컬전공,연극연기학과,연극영화과,연극영화연기전공,연극영화영상학부,연극영화전공,연극영화학과,연극영화학부,연극영화학전공,연극예술학과,연극전공,연극학과,연극학부,연기공연예술학과,연기과,연기예술,연기예술전공,연기예술학과,연기전공,연기학과,연출과,연출전공,영상시나리오과,영상예술학과(영상연기트랙),영화・뮤지컬학부 뮤지컬공연전공,영화・뮤지컬학부 영화전공,영화(Film&Video)전공,영화과,영화과(인문사회계열),영화방송학과,영화영상,영화영상학과,영화영상학과(연출, 스텝, 연기),영화예술,영화예술학과,영화전공,영화학과,예술대학,예술창작학부 영화예술전공,예술학부 연극전공,예술학부 영화영상전공,예술학부(뮤지컬공연전공),예술학부(영화전공)",352,연극영화학과,304
교육계열,"글로벌영어교육학과,시민영어교육학과,아동영어교육학과,영어교육과,영어교육과(심화전공)",365,영어교육과,304
인문계열,"EICC학과,G2융합학과,TESOL영어학전공,관광영어통역전공,관광영어통역학전공,교양영어교육부,글로벌언어문화학부(영어영문학전공),글로벌커뮤니케이션영어전공,글로벌커뮤니케이션학과(영미문화전공),글로벌학부(영어전공),글로벌해양인문학부(해양영어영문학전공),산업실무영어과,상담영어학부,선교영어학과,어린이영어교육학과,영문학과,영문학부,영문학부(미국문화전공),영문학부(영미어문전공),영미권통상통번역전공,영미문학.문화학과,영미문학번역전공,영미문화학,영미문화학과,영미어문전공,영미어문학과,영미어학부,영미언어문화전공,영미언어문화학과,영미인문학과,영미학전공,영어문화학과,영어문화학전공,영어산업학과,영어영문학,영어영문학과,영어영문학부,영어영문학부 영어문학전공,영어영문학부 영어영문학전공,영어영문학전공,영어영문학전공/국제학부,영어영미문화전공,영어영미지역학전공,외국어자율전공학부 영어전공,외국어학부(영어전공),응용영어콘텐츠학과,테슬(TESL)전공",366,영어영문학과,304
인문계열,"ELLT학과,TESOL·비즈니스영어학과,국제통상영어전공,국제학부(영어학전공),비즈니스영어학과,실무영어전공,실용영어학과,아동영어학과,영어·글로벌경영학과,영어과,영어영문학부 영어전공,영어전공,영어학과,영어학부,영어학부(영어전공),영어학전공,외국어학부 영어학전공,해양영어영문학과",367,영어학과,304
의약계열,"미술놀이치료학과,미술심리치료학과,미술치료학과,미술치료학과(자연),미술치료학전공,예술심리치료학과,예술치료전공,예술치료학과,음악치료학과",10045,예술치료학과,304
예체능계열,"K-Arts전공,K-컬쳐공연・기획학과,계당교양교육원(예체능),공연예술학과,공연예술학부,공연예술학부(예술대학),공연융합예술전공,교양학부(예체능계열),국제학부(예술),글로벌예술학부,모델학과,무대미술과,문화예술계열,문화예술체육대학,문화예술학부,방송・영상콘텐츠학부,방송사진예술학과,뷰티예술대학,스타일테크학과,실용예술학과,아트&스포츠학과,아트&이노베이션전공,엔터테인먼트예술학부,예술문화영상학과,예술문화학과,예술체육대학,예술체육학부(실용음악트랙,피아노트랙,관현악트랙),예술학과,예술학부,유튜브크리에이터전공,융합대학,융합예술학부,융합예술학부(아트앤디자인전공),융합학부(예술융합창작전공),전통연희학과,전통예술학부,창의융합교육원(예체능),탈메이지교양・융합대학(예체능계열),토털라이프스타일링,한국예술학과",369,예술학과,304
인문계열,"G2(영·중)융합학부,G2국제어학과,관광외국어학과,국제비즈니스어학부,국제어문학부,국제어학과,국제언어문화학과,국제언어문화학부,국제학과(영어・중국어),국제학부 일본학전공,국제한국어교육학과,그리스・불가리아학과,글로벌문화산업·MICE전공,글로벌비즈니스어학부,글로벌비즈니스커뮤니케이션학과,글로벌어문학부,글로벌어학부,글로벌언어문화콘텐츠학부,글로벌언어협력학과,글로벌외국어자율전공학부,글로벌커뮤니케이션학과,글로벌통번역학부,남아프리카어전공,동아프리카어전공,동양어문학전공,루마니아어과,브라질학과,서아프리카어전공,세르비아・크로아티아어과,스페인・중남미어문학과,스페인어통번역학과,스페인어학과,실용외국어학과,아랍어과,아프리카학부,어문계열,어문학부,외국어계열,외국어학,외국어학부,외국어학부 러시아어전공,외국어학부 스페인어중남미전공,외국어학부 영어전공,외국어학부 일본어전공,외국어학부 중국어문화전공,우크라이나어과,유럽학부(이탈리아어전공),유럽학부(포르투갈(브라질)어전공),유럽학부(프랑스어전공),이탈리아어통번역학과,항공관광외국어학부,항공외국어학과",10047,외국어학과,304
사회계열,"글로벌조리학부 글로벌외식창업전공,르꼬르동블루외식경영전공,메디푸드HMR산업학과,식음료외식산업학과,식품경제외식학과,식품산업외식학과,식품외식조리학부,외식경영전공,외식경영전공/호텔관광외식경영학부,외식경영학과,외식경영학전공/호텔관광외식경영학부,외식사업경영학과,외식산업경영학과,외식산업경영학전공,외식산업조리학과,외식산업학과,외식산업학부,외식서비스경영학전공,외식식품학과,외식조리경영학과,외식조리창업학과,외식조리학부 외식,조리경영전공,외식창업프랜차이즈학과,조리・서비스경영학과,조리&푸드디자인학과,조리산업학과,조리외식경영학과,조리외식경영학전공,호텔외식경영학과,호텔외식경영학부,호텔외식경영학전공,호텔외식관광프랜차이즈경영학과,호텔외식비즈니스학과,호텔외식산업학과,호텔외식산업학전공,호텔외식창업경영학과,호텔조리식당경영학과",376,외식산업학과,304
자연계열,"우주과학과,천문우주과학과",380,우주과학과,304
자연계열,"산림생태보호학과,산림융복합학전공,산림조경원예학과,산림조경학부 산림과학전공,생명자원학부 환경원예학전공,스마트그린케어학과,스마트원예과학과,스마트팜과학과,원예・생약융합학부,원예·농업자원경제학부,원예과학과,원예과학부,원예과학전공,원예산림학과,원예산림학부,원예산업학과,원예산업학부,원예생명공학과,원예생명공학전공,원예생명과학과,원예생명조경학과,원예육종학과,원예치료전공,원예학과,원예환경전공,응용생명공학부 원예과학전공,응용생명공학부 특용식물학전공,환경디자인원예학과,환경원예조경학부,환경원예학과",383,원예학과,304
공학계열,"원자력ㆍ에너지시스템공학과,원자력공학과,원자력공학과(계약학과),원자력및양자공학과,원자력방재학과,원자력융합공학과,원자력응용공학부,원자핵공학과",384,원자력공학과,304
교육계열,"보육학과,불교아동보육학과,아동교육상담학과,아동교육학과,아동보육교육학부,아동보육전공,아동보육학과,아동보육학전공,영유아보육학과,유아교육과,유아교육학과",391,유아교육학과,304
자연계열,"분자유전공학과,생명유전공학부,유전공학과,유전공학전공,유전생명공학과",392,유전공학과,304
사회계열,"농경제유통학부(식품유통학),물류교통학과,물류유통경영학과,물류유통학과,물류유통학전공,생산물류유통학과,스마트유통물류학과,식품가공유통학과,유통관리학과,유통마케팅학과,유통물류학부,유통물류학전공,유통산업경영학과,유통통상학부,해운항공・드론물류학과",394,유통학과,304
교육계열,"도덕과교육과(심화과정),윤리교육과,윤리교육과(심화전공)",63,윤리교육과,304
인문계열,유학・동양학과,64,윤리학과,304
교육계열,"뮤직트레이너학과,음악교육과,음악교육과(심화전공)",10022,음악교육과,304
예체능계열,"K-뷰티ㆍ음악학과,공연융합예술학과 음악전공,공연음악예술학부,공연음악학과,관현악ㆍ작곡학부,교회음악과,교회음악학과,글로벌K-POP전공,뮤지컬과,뮤지컬전공,뮤직콘텐츠학과,악기제작학과,에이블아트・스포츠학과,예체능학부 음악학전공,음악・공연예술대학,음악공연기획과,음악과,음악대학,음악목회학전공,음악예술학부,음악전공,음악콘텐츠학과,음악학과,음악학과(성악전공, 피아노전공, 작곡전공, 관현악전공, 이론전공),음악학부,전통예술학부(음악예술전공),지휘과,창의예술학부,창조공연예술학부 음악전공,클래식음악전공,현대실용음악학과",396,음악학과,304
의약계열,응급구조학과,10014,응급구조학과,304
예체능계열,"미술학부 큐레이터학전공,아트앤디자인학부,현대미술과,현대미술전공,현대미술학과",21019,응용미술학과,304
공학계열,"AI・소프트웨어학부(소프트웨어전공),AI・소프트웨어학부(인공지능전공),AI・전기공학과,AI소프트웨어공학과,AI소프트웨어학과,AI소프트웨어학부,AI의료융합전공,AI학부(AI소프트웨어전공),AI학부(AI엔터테인먼트전공),HCI사이언스전공,IT영상콘텐츠학과,IT융합소프트웨어학과,IT융합학부 컴퓨터ㆍ소프트웨어전공,IT응용공학과,IT응용시스템공학과,IT응용융합학과,Language & AI융합학부,SW융합대학,SW융합학부,SW융합학부 SW융합콘텐츠전공,XR콘텐츠,가상현실융합학과,가상현실콘텐츠학과,가상현실학과,게임・영상학과,글로벌문화기술융합전공,금융공학융복합전공,기업소프트웨어학부,데이터사이언스,드론IoT시뮬레이션학부,디자인테크놀로지전공,디지털시스템공학과,디지털헬스케어전공,디지털헬스케어학부,멀티미디어소프트웨어공학전공,메타버스&게임학과,모바일소프트웨어공학전공,모바일소프트웨어전공,모바일소프트웨어학전공,모빌리티서비스전공,미디어소프트웨어학과,미래인재학부,바이오메디컬소프트웨어학과,빅데이터AI학과,빅데이터사이언스연계전공,빅데이터의료융합학과,사회안전시스템공학부,소프트웨어,소프트웨어공학부,소프트웨어융합계열,소프트웨어융합대학,소프트웨어응용학부,소프트웨어학부(소프트웨어학전공),소프트웨어학부(스마트모빌리티전공),스마트시스템소프트웨어공학과,스마트융합공학부 스마트ICT융합전공,스마트콘텐츠학과,실감미디어학과,예술공학부,융합소프트웨어 전공,융합소프트웨어공학과,융합소프트웨어전공,융합소프트웨어학과,융합소프트웨어학부,응용소프트웨어공학과,응용소프트웨어공학전공,응용소프트웨어전공,응용소프트웨어학과,인공지능・빅데이터공학과,인공지능소프트웨어전공,인공지능융합전공,전자출판인쇄공학전공,지능형IoT,지능형소프트웨어학과,창의소프트웨어공학부,창의소프트학부,창의소프트학부(디자인이노베이션전공),창의소프트학부(만화애니메이션텍전공),첨단융합학부 첨단인공지능전공,컬처테크놀로지전공,컴퓨터게임애니메이션학과,컴퓨터과학부 컴퓨터소프트웨어전공,컴퓨터사이언스학과,컴퓨터융합소프트웨어학과,컴퓨터학부 인공지능컴퓨팅전공,컴퓨터학부 플랫폼소프트웨어전공,컴퓨터학부(글로벌소프트웨어융합전공),콘텐츠IT전공,콘텐츠테크놀로지전공,항공소프트웨어공학과,항공소프트웨어전공",10117,응용소프트웨어공학과,304
사회계열,"AI보건의료학부,국제의료경영학과,보건복지사회적경제학과,보건복지사회적기업학과,의료IT마케팅학과,의료경영전공,의료경영학부,의료경영학전공,의료서비스경영학과,의료서비스경영학전공",21020,의료경영학과,304
의약계열,"IT의료데이터과학전공,디지털재활의료공학전공,바이오융합공학전공,바이오의공학부,스마트의료정보학부,의료IT공학과,의료IT융합전공,의료IT학과,의료공학과,의료공학전공,의료정보학과,통합의료학과,휴먼기계바이오공학부,휴먼바이오융합전공",404,의료정보공학과,304
자연계열,"생활과학부 의류패션학전공,외식의류학부 의류학전공,의류산업학과,의류산업학전공,의류상품학과,의류패션산업전공,의류패션학과,의류학과,의류학부,의류학전공,의류환경학과,의상학과,텍스타일아트전공,토탈패션산업학과,패션라이프스타일학과,패션마케팅학과,패션마케팅학전공,패션뷰티학부,패션산업학과,패션의류학과,패션학과,패션학부",407,의류ㆍ의상학과,304
의약계열,"글로벌의과학과,의과대학,의예과,의예과(자연계열),의학과,의학과(본과),의학과(예과),의학과(의예과),의학부(의예),의학부(의학),의학전공",413,의예과,304
의약계열,"디지털헬스케어학과,바이오메디컬융합학과,바이오의료기기학과,융합학부 의생명융합공학전공,의공학IT융합전공,의공학과,의공학부,의공학전공,의과학융합전공,의료ㆍ헬스케어IT공학과,의료기기산업학과,의료기기학과,의료시스템공학전공,의료신소재학과,의료정보공학전공,의용공학과,의용공학부,의용메카트로닉스전공 트랙,의용생체공학과,의용전자공학전공 트랙,의학공학부,의학공학전공,재활융합기술학과,재활의료공학과,재활의료공학전공,첨단의료기기학과,헬스케어메디컬공학부",414,의용공학과,304
공학계열,"정보콘텐츠학과,컴퓨터정보학과,컴퓨터정보학부,컴퓨터정보학부 컴퓨터소프트웨어전공",486,인터넷정보학과,304
교육계열,"사회교육학부 일반사회교육전공,일반사회교육과,일반사회교육전공",431,일반사회교육과,304
인문계열,"아시아중동학부 일본학전공,일본어융합학부(비즈니스일본어전공),일본어융합학부(일본IT전공),일본어융합학부(한일문화콘텐츠전공),일본전공,일본지역문화학과,일본지역학과,일본지역학전공,일본학,일본학과,일본학전공",434,일본학과,304
교육계열,일어교육과,10023,일어교육과,304
인문계열,"관광일본어학과,글로벌언어문화학부(일본어일본학전공),동아시아학부(일어일문학전공),비즈니스일본어학과,아시아문화학부(일본어문학전공),아시아어문학부(일본어일본문화학전공),외국어자율전공학부 일본어전공,일본·프랑스어문학과,일본문학전공,일본문화연계전공,일본문화전공,일본비즈니스학과,일본어・일본학전공,일본어과,일본어권지역학전공,일본어문·문화학과,일본어문학과,일본어문학전공,일본어문화콘텐츠학과,일본어융합학부,일본어일본문화학과,일본어일본학과,일본어창의융합학부,일본어통번역학과,일본어학과,일본어학부,일본어학전공,일본언어문화전공,일본언어문화학과,일본언어문화학부,일어일문전공,일어일문학,일어일문학과,일어일문학부,일어일문학전공,일어일문학전공/국제학부,일어일본문화전공,일어일본문화학과,일어일본학과,일어일본학전공,일어전공,일어학과",436,일어일문학과,304
자연계열,"목재・종이과학부,산림과학.조경학부 임산공학전공,산림과학.조경학부 임학전공,산림과학.조경학부(임학전공,임산공학전공,조경학전공),임산공학과,임산공학전공,환경임산자원학부",437,임산공학과,304
의약계열,"임상병리학과,임상의약학과",440,임상병리학과,304
공학계열,"AI모빌리티공학과,AI자동차학과,AI전기자동차학과,IT자동차학과,기계・자동차공학과,기계공학부(자동차공학전공),기계시스템미래자동차공학부,기계시스템미래자동차공학부(미래자동차공학),기계자동차공학부(미래자동차공학전공),기계자동차학과,기계자동차학부 로봇・모빌리티전공,미래모빌리티공학과,미래모빌리티학과,미래자동차공학과,미래자동차공학부,미래자동차공학전공,미래자동차부품전공,미래자동차융합공학과,미래자동차학과,미래형자동차학과,배터리ㆍ자동차공학부,스마트공학부 기계자동차공학전공,스마트모빌리티(기계자동차)공학부,스마트모빌리티공학과,스마트모빌리티공학전공,스마트모빌리티학과,스마트모빌리티학부,스마트산업학부,스마트이동체융합시스템공학부(자동차공학전공),스마트자동차공학과,스마트자동차공학부,스마트자동차학과,에너지기계공학부 기계자동차공학전공,융합기술공학과,융합기술공학부(IT융합자동차공학전공),인공지능융합공학부 스마트자동차전공,자동차.기계공학부,자동차ICT공학과,자동차ICT융합공학과,자동차IT융합공학과,자동차IT융합전공,자동차IT융합학과,자동차ㆍ기계공학과,자동차공학과,자동차공학부,자동차공학부 지능형자동차전공,자동차공학부 친환경자동차전공,자동차공학전공,자동차관리학과,자동차기계공학과,자동차기계공학과(신),자동차기계공학전공,자동차디자인전공,자동차산업공학과,자동차생산전공,자동차소재부품공학과,자동차소재부품공학전공,자동차소프트웨어전공,자동차융합공학과,자율주행AI전공,전기자동차공학부,전기자동차전공,전기자동차학과,전기차공학부,전자IT기계자동차공학부,지능형모빌리티공학과,지능형모빌리티융합전공,지능형모빌리티융합학과,지능형자동차공학부,친환경자동차학과",442,자동차공학과,304
인문계열,"Endicott 자율융합학부,글로벌자유전공학과,글로벌자율전공학부,글로벌자율전공학부(이학계열),서울캠퍼스 자율전공,세종캠퍼스 자율전공,외국어자율전공학부,융합특성화자유전공학부,자기설계융합학부,자유공학부,자유교양대학(공학계열),자유교양대학(예체능계열),자유교양대학(인문사회계열),자유교양대학(자연과학계열),자유전공,자유전공(인문사회계열),자유전공(자연과학계열),자유전공학과(인문사회),자유전공학과(자연・생활),자유전공학부(인문계열),자유전공학부(인문사회・자연),자유전공학부(자연계열),자유전공학부(충주/증평),자율설계전공,자율융합계열,자율융합계열(공학),자율융합계열(사회),자율융합계열(자연),자율융합공학부,자율전공(공과대),자율전공(과기대),자율전공(미술대),자율전공대학,자율전공부 인문사회자율전공계열,자율전공부 자연과학자율전공계열,자율전공인문학부,자율전공학부 1,자율전공학부 2,자율전공학부(1년),자율전공학부(4년),자율전공학부(인문・자연),자율전공학부(인문사회계열),자율전공학부(자연),자율전공학부(자연계열),자율전공학부(전주),자율전공학부(진천),전공자유선택학부,창의자율전공학부,트리니티자유대학",451,자율전공학부,304
예체능계열,"공연예술학부 작곡전공,관현악・작곡학부 작곡전공,뉴뮤직학부 뮤직테크놀러지 전공,뉴뮤직학부 싱어송라이팅전공,뉴미디어작곡과,성악・작곡과,아트앤테크놀로지작곡과,예술학부(아트앤멀티미디어작곡전공),예술학부(작곡전공),음악학부 작곡전공,음악학부(작곡),음악학부(작곡전공),작곡・재즈학부,작곡과,작곡과(이론전공),작곡과(작곡전공),작곡전공,한국음악작곡과",452,작곡과,304
의약계열,"놀이심리치료학과,놀이치료학과,작업치료학과",10021,작업치료학과,304
공학계열,"고분자소재공학전공,금속재료공학과,금속재료공학전공,기계금속재료전공,나노고분자재료공학전공,소재부품융합공학과,스마트그린소재공학과,유기소재파이버공학과,인테리어재료공학과,재료공학과,재료공학부,재료공학전공,재료금속공학과,재료금속공학전공,재료융합공학부,전자재료공학,전자재료공학과,전자재료공학부,전자화학재료전공,조선기자재공학전공,첨단부품소재공학과,항공재료공학과,환경재료과학전공",456,재료공학과,304
의약계열,"건강재활서비스학과,건강재활전공,경북첨단산업융합전공(산림고령친화서비스),국제스포츠학부 운동처방재활전공,노인재활치료학과,디지털보건재활학과,미래융합학부(언어재활전공),미술심리치료전공,복지&심리상담전공,상담치료학부,선명상치유학과,스포츠상담재활학과,스포츠재활복지학과,스포츠재활복지학부,스포츠재활의학과,스포츠재활전공,스포츠재활트랙,실버재활학과,심리재활학전공,언어재활상담학과,언어재활학과,언어치료·청각재활학과,언어치료청각재활학과,운동재활복지학과,운동재활학과,운동처방재활학과,의료복지공학과,의료재활공학전공,의료재활학과,인간재활학전공,재활건강증진학과,재활공학과,재활과학대학,재활보건관리학과(자연),재활보건학과,재활보건학전공,재활복지학부,재활상담학,재활스포츠학부(특수체육학트랙,스포츠재활트랙),재활심리학과,재활치료학부,재활치료학부(언어치료학전공/심리재활학전공),재활치료학부(특수체육학전공),재활치료학부(특수체육학트랙,스포츠재활트랙),재활치료학전공,재활퍼스널트레이닝학과,재활학과,재활학전공,직업재활학과,치유산업학과,태권도스포츠재활학과,통합치유학과,한방스포츠의학과,한방스포츠의학전공,행동재활치료학과,행동치료학과,휴먼재활학부(인간재활학전공,수어통역교육전공)",458,재활학과,304
교육계열,"전기・전자・통신공학교육과,전기ㆍ전자ㆍ통신자율전공학부,전기전자교육과,전자공학교육과",460,전기ㆍ전자ㆍ통신공학교육과,304
공학계열,"SW융합학부 전기공학전공,발전공학과,스마트공학부 전기에너지공학전공,스마트전기에너지공학과,스마트전기제어공학과,스마트전력인프라학과,에너지기계공학부 전기공학전공,에너지전기공학과,전기・정보공학부,전기·생체공학부,전기·전자·컴퓨터공학부 전기공학과,전기공학,전기공학과,전기공학부,전기공학전공,전기및제어공학과,전기소방학부,전기시스템공학과,전기에너지전공,전기전자공학부 전기공학전공,전기전자제어공학부 전기공학전공,전기정보공학과,전기제어계측공학부 전기공학전공,전기컴퓨터공학부,전자·전기공학과,조기취업형계약학부 스마트전력인프라학과,지능형전력시스템공학과,지능형전자시스템전공,철도전기융합학과,철도전기전자전공,항공전기전공",459,전기공학과,304
공학계열,"스마트전기전자공학부,스마트전기전자공학전공,스마트전기전자학과,융합기계·전기전자부품공학과,응용전기전자융합공학전공,전기및전자공학부,전기전자공학과,전기전자공학부,전기전자공학부 융합전자공학전공,전기전자공학전공,전기전자소프트웨어공학전공,전기전자에너지학부,전기전자융합학과,전기전자응용공학과,전기전자전파공학부,전기전자제어공학과,전기전자제어공학부,전기전자제어학과,전기전자컴퓨터공학부,전기전자통신공학부,전자·전기공학부,전자전기공학계열,전자전기공학과,전자전기공학부,전자전기공학부 융합반도체공학전공,전자전기공학부(전기공학전공),전자전기공학전공,전자전기융합공학과,전자전기정보공학부(전기전자공학전공),전자전기정보공학부(전자정보통신공학전공),전자전기정보공학부(전자통신공학전공),전자전기컴퓨터공학부",463,전기전자공학과,304
공학계열,"전기제어학부,지능기전공학과,지능기전공학부",465,전기제어공학과,304
공학계열,"IoT전자공학과,나노정보공학전공,디스플레이공학과,디스플레이공학전공,디스플레이융합공학과,디스플레이융합전공,디지털디스플레이공학전공,반도체ㆍ전자공학부,반도체ㆍ전자공학부(전자공학전공),반도체전자공학부(전자공학전공),반도체전자공학전공,에너지전자융합전공,융합시스템공학전공,융합전자공학과,융합전자공학부,융합전자공학전공,전기·전자·컴퓨터공학부 전자공학과,전기전자공학부 전자공학전공,전기전자제어공학부 전자공학전공,전산전자공학부,전자・보안공학부,전자SW공학과,전자ㆍ반도체공학부,전자ㆍ반도체공학부(전자공학전공),전자ㆍ보안공학부 사이버보안공학전공,전자ㆍ보안공학부 전자공학전공,전자ㆍ인공지능융합전공,전자공학,전자공학과,전자공학나노정보공학전공,전자공학부,전자공학부 전자공학전공,전자공학부(나노전자공학전공),전자공학부(시스템반도체전공),전자공학부(인공지능전공),전자공학부(전자공학전공),전자공학부(지능IoT전공),전자공학전공,전자로봇공학과,전자및의용공학부,전자및전파전공,전자시스템공학전공,전자융합공학과,전자융합공학부,전자전기공학부(전자공학전공),전자정보공학과,전자정보공학부 전자공학과,전자정보공학부 전자공학전공,전자정보통신공학과,전자컴퓨터공학과,전자컴퓨터공학부,정보디스플레이학과,정보전기전자공학과,지능시스템공학과,지능전자공학전공,지능형반도체융합전자전공,첨단공학부,컴퓨터.전자시스템공학부,컴퓨터.전자시스템공학전공,컴퓨터전자공학과",469,전자공학과,304
자연계열,"정밀응용과학,정밀화학과,코스메틱사이언스전공",484,정밀화학과,304
공학계열,"AI사이버보안전공,AI정보보안학과,IT소프트웨어보안학과,경찰정보보호학부(사이버경찰전공),경찰정보보호학부(정보보호전공),디지털보안전공,빅데이터・정보보호학과,사이버경찰전공,사이버보안공학과,사이버보안전공,사이버보안학과,사이버수사보안학부,스마트보안학과,스마트보안학부,스마트융합보안전공,스마트융합보안학과,안전공학부 정보보안공학전공,융합보안공학과,융합보안학과,인공지능사이버보안학과,정보관리보안학과,정보법과학전공,정보보안공학과,정보보안전공,정보보안학과,정보보안학전공,정보보호,정보보호학과,정보보호학부,정보보호학전공,정보통신공학부(정보보안전공),컴퓨터・정보보호학부,컴퓨터공학부(스마트보안전공),컴퓨터보안전공,컴퓨터정보공학부(정보보호전공),컴퓨터정보보안학과,해사인공지능・보안학부,해킹보안학과",488,정보보호학과,304
공학계열,"AIㆍSW학,AI데이터융합전공,AI데이터융합학부,AI범죄수사융합전공,AI정보공학과,AI학부,Dept. of Information System and Security,ICT 광역모집,ICT공학과,ICT공학부,ICT융합공학과,ICT융합학과,ICT융합학부(인공지능전공),ISE학과,IT 교육학부,IT계열,IT공학과,IT공학부,IT공학전공,IT융합통신공학과,IT융합학과,IT인공지능학부,IT전공,IT전자융합공학과,IT정보공학과,IT학과,IT학부 정보통신공학전공,글로컬IT전공,데이터공학과,데이터과학과 인공지능학부,데이터사이언스학과,데이터정보학과,도시철도시스템학과,디지털밀리터리학과,디지털정보공학과,빅데이터인공지능학과,소프트웨어응용전공,소프트웨어학부 인공지능전공,소프트웨어학부(사물인터넷(IoT)전공),소프트웨어학부(인공지능융합전공),스마트ICT융합공학과,스마트IoT전공,스마트IT학과,스마트IT학부,스마트융합공학부,스마트전자공학과,스마트정보기술공학과,스마트정보기술공학전공,스마트정보통신공학과,신산업융합학부(스마트ICT융합전공),융합과학수사학과,융합기술공학부 정보기술융합공학전공,응용정보공학전공,인공지능공학부,인공지능데이터사이언스학과,인공지능융합공학부,인공지능융합공학부 인공지능전공,인공지능융합공학부 정보통신소프트웨어전공,임베디드IT학부,임베디드시스템공학과,전기ㆍ전자ㆍ통신공학부,전기전자통신컴퓨터공학부,전자·정보통신공학과,전자·정보통신공학전공,전자IT미디어공학과,전자공학부(정보통신공학전공),전자및정보공학과,전자전기공학부(정보통신공학전공),전자전기정보공학부(전파융합공학전공),전자정보통신공학부,전자통신공학과,전자통신공학전공,전자통신전공,전파공학과,전파공학전공,전파정보통신공학과,전파정보통신공학전공,정보공학계열,정보공학전공,정보네트워크공학전공,정보시스템공학과,정보시스템공학전공,정보시스템전공,정보시스템통신공학과,정보시스템학과,정보전기전자공학전공,정보전자공학과,정보전자전공,정보제어공학과,정보제어전공,정보컴퓨터공학부,정보컴퓨터공학부 인공지능전공,정보컴퓨터공학부 컴퓨터공학전공,정보통신,정보통신・전자공학과,정보통신·멀티미디어공학부(정보통신공학전공),정보통신AI공학과,정보통신공학과,정보통신공학부,정보통신공학부(정보통신공학전공),정보통신공학전공,정보통신대학,정보통신보안전공,정보통신소프트웨어공학과,정보통신소프트웨어전공,정보통신융합공학과,정보통신융합공학부,정보통신전자공학부,정보통신학과,정보통신학부,정보통신학전공,정보학부 컴퓨터학전공,지능・데이터융합학부,지능・데이터융합학부 핀테크전공,지능시스템전공,지능실감미디어융합전공,지능정보공학전공,지능정보통신공학과,지능형통신공학과,지식정보학부,차세대통신학과,첨단IT학부,첨단공학부 AI전공,컴퓨터・통신공학부,컴퓨터·정보통신군사학과,컴퓨터소프트웨어학부(인공지능융합전공),컴퓨터정보공학과,컴퓨터정보공학부,컴퓨터정보통신공학과,컴퓨터정보통신공학부,컴퓨터정보통신공학부 정보통신공학전공,컴퓨터정보통신공학전공,컴퓨터통신무인기술학과,클라우드/빅데이터전공,통신공학과,통신공학전공,항공전자정보공학부,항공정보통신공학과,해킹보안학전공",490,정보통신공학과,304
사회계열,"Language & Diplomacy학부,국제학부(외교전공),글로벌인문경영융복합전공,글로벌인재학부(외교전공),글로벌정치・커뮤니케이션전공,안보융합학전공,언더우드 정치외교학전공,역사관광・외교학부(외교전공),외교・국제개발학부,외교・국제개발학부(외교전공),외교전공,정치・사회학부 정치외교학전공,정치·언론·국방학과,정치ㆍ언론학과,정치사회학부(정치외교학전공),정치안보국제학과,정치언론・국제학과,정치언론안보학과,정치외교학과,정치외교학부,정치외교학부(외교학전공),정치외교학부(정치학전공),정치외교학전공,정치학전공,정치행정학과,정치행정학부 정치외교학 전공,정치행정학전공,통일외교안보전공,통일학부",492,정치외교학과,304
자연계열,"BT융합제약공학과,바이오제약산업학부,생약자원개발학과,생약자원학과,식품생명제약공학부,식품제약공학부,제약・화장품학과,제약공학과,제약공학전공,제약바이오메디컬공학전공,제약바이오전공,제약바이오학과,제약생명공학과,제약화장품학과,한방보건제약학과,한약개발학과,한약개발학전공,헬스케어제약공학전공,혁신신약학과",494,제약공학과,304
공학계열,"AI자동화로봇학과,IT정보제어공학부(정보제어공학전공),기계제어공학부,스마트기기공학전공,스마트센서공학과,시스템제어공학과,원전ㆍ제어시스템공학전공,인공지능공학부(지능제어시스템공학전공),자율운항시스템공학과,자율주행학과,전기전자제어공학부 로봇제어계측공학전공,전기제어계측공학부,전기제어계측공학부 제어계측공학전공,전기제어공학과,전자·기계융합공학과,전자·제어공학과,제어계측공학과,제어계측공학전공,제어공학전공,철도운전시스템공학과,철도운전제어학과",495,제어계측공학과,304
공학계열,"제지공학과,제지공학전공,패키징학과,패키징학전공",498,제지공학과,304
공학계열,"녹지조경학과,도시환경예술디자인전공,산림과학.조경학부 조경학전공,산림자원・조경학부(조경학전공),산림조경학과,산림조경학부 환경조경학전공,산림조경학전공,생명자원학부 녹지조경학전공,생태조경디자인학과,생태조경학과,생태조경학전공,융합전공학부 조경학-경영학 전공,융합전공학부 조경학-환경생태도시학전공,전통조경학과,정원디자인전공,정원문화산업학과,조경・정원디자인학부,조경ㆍ정원디자인학과,조경도시학과,조경산림학과,조경전공,조경학과,조경학전공,환경조경디자인학과,환경조경학전공",503,조경학과,304
자연계열,"글로벌조리학과,글로벌조리학부 Lyfe조리전공,글로벌조리학부 글로벌조리전공,글로벌조리학부 폴보퀴즈조리전공,동양조리전공,동양조리학과,식품조리과학부,외식・조리학부,외식.조리학부,외식조리ㆍ제과제빵학과,외식조리제과제빵학과,외식조리학부 외식조리전공,웰빙조리창업학과,제과제빵창업전공,조리과학과,조리서비스경영전공,조리예술학부,조리학과,한국식품조리학과,한식조리학과,항공호텔조리학부(호텔조리전공),호텔외식조리학전공",504,조리과학과,304
공학계열,"글로벌조선학과,조선·해양공학과,조선공학과,조선시스템학과,조선해양공학과,조선해양공학과(조선해양생산트랙),조선해양공학과(조선해양설계트랙),조선해양공학전공",505,조선공학과,304
예체능계열,"미술학부(조소전공),입체조형학부 조소전공,조소,조소과,조소전공,조소전공(신)",507,조소학과,304
예체능계열,"가구조형전공,공간조형디자인학과,금속조형디자인과,금속조형디자인전공,디자인조형학과,디자인조형학부,문화조형디자인전공,문화콘텐츠학부(현대조형미디어전공),미술학부 조형예술전공,생활조형디자인학과,세라믹디자인전공,융합예술학부(생활조형디자인학전공),융합조형디자인전공,입체조형예술전공,입체조형학과,입체조형학부,입체조형학부 입체캐릭터전공,조형미술전공,조형예술・디자인학과,조형예술과,조형예술대학,조형예술학과,조형예술학부,조형학과,조형학부,판화과,한지공간조형디자인전공,한지공간조형디자인학과",508,조형디자인학과,304
교육계열,"기독교교육과,기독교교육학과,기독교교육학전공",510,종교교육과,304
인문계열,"대순종학과,목회사역학과,목회실천학부,선명상상담학전공,성서학과,원불교학과,원불교학부,종교문화학,종교문화학과,종교문화학부,종교문화학전공,종교학과,크리스천리더십학과",511,종교학과,304
인문계열,"글로벌학부(중국학전공),아시아중동학부 중국학전공,중국학,중국학과,중국학부,중국학전공",516,중국학과,304
인문계열,"글로벌언어문화학부(중국어중국학전공),글로벌커뮤니케이션학과(중화통상비즈니스전공),동아시아학부(중어중문학전공),비즈니스중국어학과,선교중국어학과,아시아문화학부(중국어문학전공),아시아어문학부(중어중문학전공),아시아언어문화학부(중국어문화학전공),외국어자율전공학부 중국어전공,외국어학부(중국어전공),응용중국어통번역전공,중국문학전공,중국문화ㆍ비즈니스학과,중국어・중국학전공,중국어과,중국어권지역학전공,중국어문·문화학과,중국어문전공,중국어문학과,중국어문화영상융합학과,중국어문화콘텐츠학,중국어문화학과,중국어전공,중국어중국통상학과,중국어중국학과,중국어통번역학과,중국어학과,중국어학부,중국언어문화전공,중국언어문화콘텐츠학과,중국언어문화학과,중국언어문화학부,중국언어와문화학과,중국통상・문화학과,중국학부(중국어전공),중국학부(중국지역통상전공),중어중국학과,중어중국학전공,중어중문전공,중어중문학,중어중문학과,중어중문학부,중어중문학전공,중일언어문화학과,한중통번역전공",520,중어중문학과,304
교육계열,"과학교육학부 지구과학교육전공,지구과학교육과,지구과학교육전공",522,지구과학교육과,304
자연계열,"공간정보공학과,공간정보시스템공학전공,국토정보학부 공간정보전공,드론공간정보공학과,위성정보융합공학전공",524,지구정보공학과,304
공학계열,지구해양과학과,525,지구해양과학과,304
자연계열,"과학기술학부(지구환경과학전공),생태환경관광학부(생물응용전공),생태환경시스템학부 산림환경자원전공,생태환경시스템학부 식물자원환경전공,지구시스템공학과,지구시스템과학과,지구시스템과학부(지질학전공, 천문대기과학전공, 해양학전공)",523,지구환경과학과,304
교육계열,"사회교육학부 지리교육전공,지리교육과,지리교육전공",526,지리교육과,304
자연계열,"위치정보시스템학과,지리학과,지리학과(자연계열)",529,지리학과,304
사회계열,"도시・지역계획학과,로컬크리에이터학과,지역개발학부,지역건설공학과,지역건설공학전공,지역기반공학전공,지역기반도시재생융합전공,지역사회개발・복지학과,지역사회개발학과,지역사회개발학전공,지역사회과학부,지역자원시스템공학과,지역자원시스템공학전공,지역특화산업학부",533,지역개발학과,304
자연계열,"지적학과,지적학전공",536,지적학과,304
자연계열,"지구시스템과학부 지질학전공,지질·지구물리학부,지질과학과,지질학과,지질학전공,지질환경과학과",537,지질학과,304
자연계열,"물리·천문학부(천문학전공),천문대기과학과,천문우주학과",541,천문학과,304
인문계열,"동양상담복지학과,동양철학과,미학과,아시아언어문화학부(철학전공),얼굴경영학과,역사·철학상담학과,역사철학부(철학전공),윤리문화학과,융합전공학부 철학-동아시아문화학 전공,철학,철학ㆍ상담전공,철학ㆍ상담학과,철학과,철학상담학전공,철학생명의료윤리학과,철학윤리문화학부 독어문화학 전공,철학윤리문화학부 윤리문화학 전공,철학윤리문화학부 철학전공,철학전공",548,철학과,304
사회계열,"글로컬융합학부(평생교육ㆍ청소년학전공),아동청소년교육학과,아동청소년학과,아동청소년학전공,청소년교육 ・ 상담학과,청소년교육상담전공,청소년교육상담학과,청소년교육상담학전공,청소년문화・상담학과,청소년복지전공,청소년상담ㆍ평생교육학과,청소년상담교육학과,청소년상담복지학과,청소년상담심리전공,청소년상담심리학과,청소년상담학과,청소년지도ㆍ아동학부,청소년지도학과,청소년코칭상담학과,청소년학과,청소년학전공",550,청소년지도학과,304
교육계열,"체육교육과,체육교육과(심화전공),체육교육학과",551,체육교육과,304
예체능계열,"Do-ing대학,K-sports태권도학과,골프과학과,국제스포츠학과,국제스포츠학부,국제스포츠학부 골프전공,국제스포츠학부 국제스포츠전공,글로벌스포츠산업전공,미래라이프융합학부,미래스포츠융합학과,생활체육전공,생활체육지도과,생활체육지도학과,생활체육학전공,스포츠경영전공,스포츠공무원학부,스포츠과학부 스포츠과학전공,스포츠문화전공,스포츠문화학과,스포츠비즈니스전공,스포츠사이언스전공,스포츠산업・복지학과,스포츠산업전공,스포츠앤테크놀로지학과,스포츠운동과학과,스포츠융합경영학과,스포츠융합과학과,스포츠융합학부,스포츠응용산업학과,스포츠전공,스포츠학과,스포츠학부,시범문화전공,액티브시니어학과,예체능학부 스포츠복지전공,웰니스스포츠과학전공,체육계열,체육과학부,체육과학전공,체육전공,체육학,체육학과,체육학부,체육학부 생활체육학전공,체육학부 체육학전공,체육학부(스포츠과학전공),체육학부(체육),체육학부(체육학전공),체육학전공,태권도학과,휴먼스포츠학부,휴먼헬스케어학과",552,체육학과,304
교육계열,"과학교육과(심화과정),교육학과(심화과정),국어교육과(심화과정),미술교육과(심화과정),수학교육과(심화과정),실과교육과,실과교육과(심화과정),영어교육과(심화과정),유아ㆍ특수교육과(심화과정),윤리교육과(심화과정),음악교육과(심화과정),체육교육과(심화과정),초등과학교육과(심화과정),초등교육과,초등교육학과,초등교육학과(심화과정),초등국어교육과(심화과정),초등미술교육과(심화과정),초등사회과교육과(심화과정),초등사회교육과(심화과정),초등생활과학교육과(심화과정),초등수학교육과(심화과정),초등실과교육과(심화과정),초등영어교육과(심화과정),초등유아교육과(심화과정),초등윤리교육과(심화과정),초등음악교육과(심화과정),초등체육교육과(심화과정),초등컴퓨터교육과(심화과정),컴퓨터교육과(심화과정)",554,초등교육과,304
자연계열,"동물사육학전공,말산업학과,식품생명·축산과학부,식품생명·축산과학부 축산학전공,축산과학부,축산과학전공,축산생명공학과,축산생명학과,축산식품과학과,축산식품과학전공,축산식품생명공학과,축산학과,축산학전공",557,축산학과,304
의약계열,치기공학과,10054,치기공학과,304
의약계열,치위생학과,10013,치위생학과,304
의약계열,"치의예과,치의예과(자연계열),치의학과",564,치의예과,304
예체능계열,"글로벌미디어커뮤니케이션전공,디자인·영상학부 커뮤니케이션디자인전공,디자인학부 미디어디자인전공,디자인학부 시각디자인전공,디자인학부 커뮤니케이션디자인전공,미디어문화커뮤니케이션학과,시각커뮤니케이션디자인전공,영상커뮤니케이션학부,커뮤니케이션디자인,커뮤니케이션디자인과,커뮤니케이션디자인전공,커뮤니케이션디자인학과,커뮤니케이션문화학부,커뮤니케이션콘텐츠전공,콘텐츠디자인학과,콘텐츠융합디자인학부,테크노프로덕트디자인학과",566,커뮤니케이션디자인학과,304
공학계열,"AI・데이터공학부,AI・빅데이터학과,AI・컴퓨터공학과,AI미래융합학부,AI빅데이터공학과,AI빅데이터융합학과,AI빅데이터전공,AI빅데이터학과,AI빅데이터학부,AI응용학과,AI자율주행시스템공학과,AI컴퓨터공학과,AI컴퓨터공학부,AI컴퓨터공학전공,AI컴퓨터전자융합공학과,AI학과,Dept. of Computer Engineering,IT운영관리전공,IT융합학부 컴퓨터공학전공,IT정보공학부(컴퓨터시스템공학전공),IT학부 컴퓨터공학전공,글로벌IT공학전공,글로벌융합공학과,데이터사이언스융합전공,데이터사이언스전공,디지털ICT공학과,디지털보안학과,디지털소프트웨어공학부,비주얼테크놀로지전공,빅데이터AI학부,빅데이터클라우드공학과,산업ICT기술공학전공,산업데이터사이언스학부,소프트웨어&서비스컴퓨팅전공,소프트웨어미디어・산업공학부,소프트웨어학부(컴퓨터정보공학전공),스마트IT전공,스마트공학부 컴퓨터공학전공,스마트융합공학부 컴퓨터전공,스마트컴퓨터융합공학과,스마트컴퓨팅학전공,융합공학과,융합컴퓨터·미디어학부,응용컴퓨터공학과,의료인공지능학과,의료전산학 전공,인공지능,인공지능・빅데이터공학전공,인공지능공학과,인공지능공학부(컴퓨터공학전공),인공지능대학,인공지능로봇공학전공,인공지능빅데이터학과,인공지능소프트웨어학과,인공지능융합학과,인공지능융합학부,인공지능응용학과,인공지능전공,인공지능학과,인공지능학부,전기・전자통신・컴퓨터공학부,전기·전자·컴퓨터공학부 컴퓨터공학과,전기컴퓨터공학부 정보컴퓨터공학전공,전산학부,정보·컴퓨터공학부,정보·컴퓨터공학부 컴퓨터공학전공,지능・데이터융합학부 빅데이터융합전공,지능・데이터융합학부 휴먼지능정보공학전공,지능미디어공학과,지능정보융합학부,지식콘텐츠전공,컴퓨터・AI공학과,컴퓨터・AI공학부 AI학과,컴퓨터・AI공학부 컴퓨터공학과,컴퓨터・데이터공학부,컴퓨터・데이터공학부 컴퓨터공학전공,컴퓨터・미디어・산업공학부,컴퓨터・미디어・산업공학부 미디어공학전공,컴퓨터・미디어・산업공학부 컴퓨터공학전공,컴퓨터&인터넷공학전공,컴퓨터ㆍ인공지능공학부,컴퓨터공학과,컴퓨터공학부,컴퓨터공학부 컴퓨터공학전공,컴퓨터공학부(빅데이터전공),컴퓨터공학부(컴퓨터공학전공),컴퓨터공학전공,컴퓨터소프트웨어학부(임베디드소프트웨어전공),컴퓨터소프트웨어학부(컴퓨터정보공학전공),컴퓨터융합공학과,컴퓨터융합학부,컴퓨터응용과학부,컴퓨터응용수학부,컴퓨터인공지능학부,컴퓨터전공,컴퓨터정보공학부(컴퓨터공학전공),컴퓨터정보공학전공,컴퓨터정보통신공학부 컴퓨터공학전공,컴퓨터정보통신공학부(컴퓨터정보공학전공),컴퓨터학,컴퓨터학과,컴퓨터학부,컴퓨터학부(플랫폼소프트웨어전공, 데이터과학전공),컴퓨팅계열,클라우드공학과,항공컴퓨터전공,항공컴퓨터학과,휴먼디지털인터페이스학부",569,컴퓨터공학과,304
공학계열,"AI융합대학,Computer Science학과,SW융합학부 컴퓨터과학전공,컴퓨터과학과,컴퓨터과학부,컴퓨터과학부 컴퓨터과학전공,컴퓨터과학전공",570,컴퓨터과학과,304
교육계열,"컴퓨터교육과,컴퓨터교육과(심화전공)",571,컴퓨터교육과,304
예체능계열,"3D디자인게임애니메이션학부,CG디자인학과,ICT융합디자인학과,IT디자인학과,가상현실콘텐츠전공,멀티디자인학과,컴퓨터디자인과,피규어메타버스전공",575,컴퓨터디자인학과,304
공학계열,"건설·도시공학부 토목공학전공,건설공학부 토목공학전공,건설방재융합공학과,건설방재학과,건설융합학부 토목공학전공,건설환경ㆍ철도공학과,건축・토목공학과(토목공학트랙),건축도시토목공학부(토목공학전공),공항토목전공,농업토목.생물산업공학부 농업토목공학전공,농업토목공학과,사회기반시스템공학부(건설환경플랜트공학전공),사회에너지시스템공학과,사회환경공학과,사회환경플랜트공학과,스마트건축토목공학부,스마트그린공학부 건설시스템공학전공,스마트인프라공학과,스마트항만공학전공,인간환경융합공학부 토목공학과,재난안전건설학과,재난안전공학과,지역환경토목학과,철도건설공학과,철도건설시스템학부 건축공학전공,철도건설시스템학부 철도건설시스템전공,철도건설안전공학과,철도건설환경시스템학과,철도인프라공학과,철도인프라시스템공학전공,토목・환경공학전공,토목/환경/자원.에너지공학부,토목/환경/자원ㆍ에너지공학부(토목공학전공),토목건축공학과,토목공학과,토목공학부,토목공학전공,토목교통공학부,토목도시공학부,토목방재공학과,토목안전환경공학과,토목재난안전공학과,토목환경공학과,토목환경공학전공,토목환경화공융합공학부,해외건설플랜트학과",588,토목공학과,304
자연계열,"ICT・빅데이터학부(자연),Social Science & AI융합학부,국가통계전공,금융정보통계학과,데이터경영학과,데이터경영학전공,데이터과학과,데이터과학부,데이터사이언스학부,데이터사이언스학전공,데이터정보과학부,데이터테크전공,디지털금융정보전공,물류통계정보학과,빅데이터･금융통계학부,빅데이터·응용통계학전공,빅데이터금융공학융합전공,빅데이터분석전공,빅데이터사이언스학과,빅데이터사이언스학부,빅데이터융합학과,빅데이터응용통계학과,빅데이터응용학과,빅데이터전공,빅데이터학과,수리통계데이터사이언스학부,수학・정보통계학부 정보통계학전공,수학응용통계학부,수학통계학과,수학통계학부(통계전공),스마트빅데이터전공,응용통계학,응용통계학과,응용통계학전공,응용통계학전공/수학통계학부,임상의학통계전공,전산통계학과,전자전기정보공학부(데이터사이언스전공),정보통계・보험수리학과,정보통계학과,정보통계학전공,정보학부 정보통계학전공,컴퓨터통계학과,통계・데이터과학과,통계・데이터사이언스전공,통계데이터과학전공,통계데이터사이언스학과,통계학과,통계학전공,헬스케어빅데이터전공",591,통계학과,304
인문계열,"수어통역교육전공,수어통역문헌정보학과,수화통역학과,영어영문학부 영어통번역학전공,영어통번역전공,영어통번역학과,영어통번역학부,영어통번역학전공,영어통상통역학과,영어학부(영어통번역전공),응용영어통번역학과,통・번역학전공,한・베트남통역전공,한국어교육학부(한국어통번역학전공)",10034,통번역학과,304
교육계열,"유아특수교육과,유아특수교육학과,유아특수보육학전공,중등특수교육과,중등특수교육전공,중등특수교육학과,청각학전공,초등특수교육과,초등특수교육전공,초등특수교육학과,특수(통합)교육과(심화과정),특수ㆍ통합교육과(심화전공),특수교육과,특수교육과(유아특수교육),특수교육과(중등특수교육),특수교육과(중등특수교육전공),특수교육과(초등특수교육),특수교육과(초등특수교육전공),특수교육학과,특수교육학부,특수창의융합학과,한국수어교육전공",592,특수교육학과,304
교육계열,"특수체육교육과,특수체육교육과(고양),특수체육교육학과,특수체육전공,특수체육학,특수체육학계열,특수체육학과,특수체육학전공,특수체육학트랙,헬스피트니스학과",21024,특수체육교육과,304
예체능계열,"K-뷰티융합학부 패션디자인전공,K뷰티패션학과,건축・디자인・패션대학 패션디자인학과,공연예술패션학과,글로벌패션산업학부,디자인・아트학부,디자인학부 패션디자인전공,디자인학부 패션산업디자인전공,디자인학부(패션디자인전공),디자인학부(패션전공),라이프스타일디자인학부(섬유・패션디자인전공),무대패션전공,미술·디자인학부(패션디자인),뷰티패션디자인전공,섬유패션디자인학부 패션디자인전공,섬유패션디자인학부(섬유공학전공, 패션디자인전공),아트앤패션디자인학과,아트앤패션전공,의류디자인학과,의상디자인전공,의상디자인학과,텍스타일디자인과,패션・주얼리디자인학부,패션・주얼리학부,패션디자인,패션디자인・비즈니스학과,패션디자인과,패션디자인과(예체능),패션디자인및브랜딩학과,패션디자인산업전공,패션디자인산업학과,패션디자인전공,패션디자인전공(섬유・패션학부),패션디자인정보학과,패션디자인학과,패션디자인학전공,패션뷰티경영학과,패션뷰티학부 패션디자인전공,패션산업디자인과,패션산업학과,패션스타일링학과,패션코스메틱디자인전공,패션학부(패션디자인전공),한국복식과학학과",10156,패션디자인학과,304
인문계열,"유럽중남미학부 프랑스학전공,프랑스문화콘텐츠전공,프랑스어・프랑스학전공,프랑스어전공,프랑스학과",609,프랑스학과,304
예체능계열,"건반악기과,건반음악전공,기악과(피아노전공),문화예술학부 피아노전공,예술학부(피아노전공),음악과(피아노전공),음악학과 피아노전공,음악학부 피아노전공,음악학부(피아노전공),클래식피아노전공,피아노과,피아노전공,피아노학과,피아노학부,피아노학부 피아노교육전공,피아노학부 피아노연주전공",612,피아노학과,304
인문계열,"관광비즈니스한국어학과,국제예술ㆍ한국어학부,국제예술ㆍ한국어학부 한국어교육전공,국제학부(글로벌한국학전공),국제한국어교육전공,국제한국어전공,국제한국어학과,글로벌복지한국어학과,글로벌한국어과,글로벌한국어교육학과,글로벌한국어문화학과,글로벌한국어전공,글로벌한국어학과,글로벌한국융합학부,글로벌한국학부,다문화한국어학과,외국어로서의 한국어교육학과,외국어로서의 한국어교육학전공,외국어로서의한국어교육전공,외국어로서의한국어통번역전공,직무한국어번역,한국어・다문화학부,한국어교원학과,한국어교육ㆍ문화콘텐츠학과,한국어교육다문화학과,한국어교육문화학과,한국어문학창작학부,한국어전공,한국어학과,한국어학부,한국어학전공",613,한국어학과,304
교육계열,한문교육과,615,한문교육과,304
인문계열,한문학과,616,한문학과,304
자연계열,"바이오한약자원학과,바이오한약학전공,한약자원개발학과,한약자원학과,한약재산업학과,한약재약리학과",10001,한약자원학과,304
의약계열,한약학과,618,한약학과,304
의약계열,"한의예과,한의예과(자연계열),한의학과",619,한의예과,304
사회계열,"관광학부 항공서비스전공,관광항공경영학전공,관광항공서비스학 전공,글로벌관광경영학부 항공관광전공,글로벌관광학부 항공서비스전공,글로벌항공서비스학과,융합경영학부 항공경영학전공,중국항공운항서비스학과,항공・공항서비스경영전공,항공공항서비스계열,항공관광학부,항공관광학전공,항공보안경호학과,항공보안학과,항공비즈니스학과,항공산업공학과,항공서비스경영학과,항공서비스무역학과,항공서비스전공,항공서비스학과,항공서비스학부,항공서비스학전공,항공운항서비스학과,항공학부 항공서비스학전공,항공호텔서비스학과",10029,항공서비스학과,304
공학계열,"기계우주항공공학부,기계우주항공공학부(우주항공공학전공),기계항공공학부,기계항공우주공학부,기계항공정보융합공학부(항공우주 및 소프트웨어공학전공),스마트이동체융합시스템공학부(항공우주공학전공),우주공학부,우주항공드론공학부(우주항공공학전공),우주항공드론공학부(항공시스템공학전공),우주항공시스템공학부,우주항공시스템공학부(우주항공공학전공),우주항공시스템공학부(항공시스템공학전공),융복합시스템공학부 항공위성시스템전공,항공・교통・물류・우주법학부,항공・기계설계전공,항공기계공학과,항공기계정비학과,항공기계학과,항공모빌리티학과,항공시스템공학과,항공시스템공학과(전문),항공안전관리학과,항공우주공학과,항공우주공학부,항공우주공학전공,항공우주모빌리티전공,항공우주및기계공학부,항공우주및소프트웨어공학부,항공우주시스템공학과,항공우주시스템공학전공,항공우주정보시스템공학과,항공정비기계학과",624,항공우주공학과,304
공학계열,"국제교류학부 항공운항관리전공,스마트드론공학과,항공교통관리학과,항공교통물류전공,항공교통물류학과,항공교통물류학부,항공대학,항공시스템계열,항공안전관리학전공,항공운송학과,항공운항과,항공운항전공,항공운항학과,항공인프라시스템학과,항공전자공학과,항공정비공학과,항공정비융합전공,항공정비전공,항공정비학과,항공정비학전공,항공학부,항공학부 항공운항학전공,항공학부 항공정비학전공,헬리콥터UAM조종학과,헬리콥터운항학전공,헬리콥터조종학과",626,항공운항학과,304
공학계열,"국제해사수송과학부,항해융합학부,항해정보시스템학부,항해학부,해상운송학부",629,항해학과,304
사회계열,"기관·해양경찰학부,해양경찰시스템학과,해양경찰학과,해양경찰학부,해양경찰학부(기관전공),해양경찰학부(항해전공, 기관전공),해양경찰학부(항해전공),해양경찰학전공,해양산업경찰학과,해양안보학전공,해양행정학과",630,해양경찰학과,304
공학계열,"기계·산업경영공학부 조선해양플랜트공학과,기관공학과,기관공학부,미래산업융합학과,선박해양공학과,스마트오션모빌리티공학과,스마트이동체융합시스템공학부(선박해양공학전공),스마트조선시스템학과,지구시스템과학부 해양학전공,첨단해양모빌리티학과,해상운송시스템학부,해양공학과,해양과학과,해양기술학부,해양메카트로닉스학부,해양모빌리티학과,해양바이오시스템공학과,해양산업・운송과학기술학부,해양산업·운송과학기술학부(마린엔지니어링전공),해양산업ㆍ운송과학기술학부(기관공학전공),해양산업ㆍ운송과학기술학부(해양수산관리전공),해양융합공학과,해양컴퓨터공학과,해양토목공학과,해양학과,해양학전공,환경해양건설공학과",631,해양공학과,304
자연계열,"생명해양과학부,수산생명과학부,수산생명의학전공,해양과학융합학부(해양생물공학전공, 수산바이오공학전공),해양바이오식품학과 해양바이오전공,해양분자생명과학과,해양생명과학과,해양생명과학부,해양생명과학전공,해양생명응용과학부(해양생명과학전공),해양생명응용과학부(해양생물공학전공),해양생물자원학과,해양생산과학전공,해양융합과학과",342,해양생명과학과,304
예체능계열,"레저해양스포츠학과,해양레저관광학과,해양레저학과,해양스포츠ㆍ레저융합학과,해양스포츠과학과,해양스포츠전공,해양스포츠학과,해양체육학과,해양치유레저학과",633,해양스포츠학과,304
공학계열,"기관시스템공학과,기관시스템공학부,조선해양시스템공학과,조선해양시스템공학부,조선해양시스템공학전공,첨단운송기계시스템학과,해양생산시스템관리학부,해양시스템공학과,해양시스템공학부",634,해양시스템학과,304
자연계열,"식의약・원예・해양자원학부,해양과학융합학부(해양환경학전공),해양산업융합학과,해양생산관리학과,해양생산학전공,해양생태환경학과,해양수산자원학과,해양심층수융복합학과,해양심층수학과,해양자원육성학과",635,해양자원학과,304
사회계열,"고용서비스정책학과,공공관리학과,공공서비스학부,공공안전관리전공,공공안전학부,공공안전학전공,공공인재빅데이터융합학,공공인재융합전공,공공인재학과,공공인재학부,공공인재학부 공공인재전공,공공인적자원학과(사회과학대학),공공정책학과,공공정책학과(야),공공정책학부,공공행정전공,공공행정학과,공공행정학부,공공행정학전공,공항행정전공,공항행정학과,교정보호학과,교정전공,국방융합인재전공,국제무역행정학과,국제사무학과,군정보사관학과,글로벌물류전공,글로벌행정학과,글로벌행정학전공,노동복지전공,도시・자치융합학과,도시행정학과,범죄수사전공,법경찰행정학과,법무행정전공,법무행정학과,봉황인재학과,사회안전학과,사회안전학부,사회통합학부 공공행정전공,석당인재학부 공공정책학전공,소방방재행정학과,소방행정학과,소방행정학전공,융합행정학과,의료경영정보관리전공,자치행정학과,정부・공기업전공,정부행정학부,정책과학전공,정책학과,정책학전공,정치행정학부 행정학전공,지방 행정・의회 학과,지방 행정・의회 학부,탐정학과,토지행정학과,해사법정학부(해양행정학전공),행정・경찰공공학부,행정・공기업학과,행정.심리학부,행정ㆍ언론미디어학부,행정경제학부(행정학전공),행정공무원학과,행정관리학과,행정복지학부,행정복지학부(행정학전공),행정전공,행정정보융합학과,행정정보학과,행정정보학전공,행정정책학부,행정정책학전공,행정학,행정학과,행정학부,행정학부 공공관리전공,행정학부 공공정책전공,행정학부 국방공무원전공,행정학전공",639,행정학과,304
사회계열,"Hospitality경영학과,Hospitality경영학부,관광학부 글로벌호텔비즈니스전공,관광호텔경영학부,관광호텔외식경영전공,관광호텔항공서비스학과,국제호텔경영학과,국제호텔경영학전공,글로벌관광학부 관광호텔경영전공,글로벌관광호텔학전공,외식상품학과,외식상품학전공,외식조리경영학부,외식창업경영학과,컨벤션호텔경영학과,항공호텔관광경영학과,호텔・관광이벤트학과,호텔・관광학부,호텔・관광학부(국제문화관광전공),호텔・관광학부(호텔・컨벤션전공),호텔・레스토랑경영학과,호텔・컨벤션경영학과,호텔・크루즈경영전공,호텔·컨벤션전공,호텔ㆍ관광학부(국제비서전공),호텔ㆍ의료관광경영학부,호텔ㆍ컨벤션경영학전공,호텔경영전공,호텔경영전공/호텔관광외식경영학부,호텔경영학과,호텔경영학전공,호텔관광・유통경영학과,호텔관광경영학과,호텔관광경영학부,호텔관광경영학부(호텔경영전공),호텔관광경영학부(호텔관광전공),호텔관광경영학전공,호텔관광경영학전공/호텔관광외식경영학부,호텔관광외식경영학부,호텔관광학과,호텔관광학부,호텔비즈니스전공,호텔조리・외식경영학전공,호텔조리베이커리경영학과,호텔카지노관광학과,호텔컨벤션경영학과,호텔컨벤션경영학전공,호텔항공관광학과",10157,호텔경영학과,304
공학계열,"K-뷰티소재전공,K-뷰티학부,미용화장품과학과,바이오코스메틱전공,바이오코스메틱학과,바이오화장품공학전공,바이오화장품학과,바이오화장품학전공,생의약화장품학부,신산업융합학부(뷰티화장품산업전공),패션뷰티학부 뷰티화장품전공,피부미용화장품과학과,한방화장품과학전공,화장품·제약자율전공,화장품공학과,화장품공학부,화장품공학전공,화장품과학과,화장품과학전공,화장품바이오학부,화장품바이오학부(바이오메디컬전공),화장품바이오학부(화장품제약전공),화장품발명디자인전공,화장품발명디자인학과,화장품뷰티학부(화장품학),화장품산업학과,화장품소재공학전공,화장품품질공학전공,화장품학과,화장품학부,화장품학전공",10010,화장품과학과,304
공학계열,"[화학소재]화학공학전공,P&P화학공학전공(공학),고분자·화학공학부(화학공학전공),그린화학공학과,기초의.화학부,나노에너지공학과,나노에너지화학전공,나노화학공학과,나노화학소재공학과,바이오화학공학과,생명화학공학부 화공신소재전공,생명환경화학과,석유화학소재공학과,스마트그린공학부 화학공학전공,신소재·화공시스템공학부 화학공학전공,신소재화학공학부 화학공학과,신소재화학공학전공,에너지 신소재ㆍ화학공학부(에너지화학공학전공, 신소재공학전공),에너지 신소재ㆍ화학공학부(에너지화학공학전공),에너지소재학전공,에너지신소재화학공학부,에너지화공전공,에코응용화학전공,융합바이오화학공학과,융합화학공학전공,응용화학공학과,응용화학공학부,응용화학공학부 화학공학전공,응용화학공학부(응용화학전공, 화학공학전공),응용화학에너지공학부,정밀응용화학과,정밀화학신소재학과,탄소융합공학과,항공신소재화학공학과,항공화공전공,화공・생물공학부,화공생명.환경공학부,화공생명.환경공학부 화공생명공학전공,화공생명.환경공학부 환경공학전공,화공생명공학과,화공생명공학부,화공생명공학부(배터리공학전공),화공생명공학부(화공생명공학전공),화공생명공학전공,화공생명배터리공학부,화공생명배터리공학부(화공생명공학전공),화공생물공학과,화공생물공학전공,화공시스템공학과,화공시스템전공,화공신소재공학과,화공신소재공학전공,화공신소재환경공학부,화장품・신소재학과,화학공학,화학공학·신소재공학부,화학공학/고분자공학부,화학공학과,화학공학부,화학공학부(나노화학공학전공),화학공학부(생명화학공학전공),화학공학부(에너지화학공학전공),화학공학전공,화학분자공학과,화학생명공학계열,화학소재공학부,화학소재융합공학부,화학융합공학과,환경공학・응용화학학부,환경생명화학공학과",648,화학공학과,304
교육계열,화학공학교육과,21026,화학공학교육과,304
자연계열,"나노화학과,바이오나노화학부,바이오응용화학과,뷰티화장품학과,융합응용화학과,융합화학산업,응용생화학전공 트랙,응용화학전공 트랙,첨단과학기술학부(소재화학전공),특성화학부,향산업전공,화학・에너지융합학부,화학・화장품학부,화학·코스메틱스학과,화학과,화학및의화학전공,화학부,화학생명과학부(나노화학전공),화학신소재전공,화학전공",649,화학과,304
교육계열,"과학교육학부 화학교육전공,화학교육과,화학교육전공",650,화학교육과,304
자연계열,"ICT환경융합전공,ICT환경융합학과,건설및환경공학과,건설환경계열,건설환경공학,건설환경공학과,건설환경공학부,건설환경공학전공,건설환경에너지공학부,건설환경융합공학과,공간환경시스템공학부,공간환경학부,기후환경에너지공학과,바이오자원환경학과,바이오자원환경학전공,바이오환경공학과,바이오환경과학과,사회환경공학부,사회환경시스템공학과,사회환경시스템공학부,산림환경시스템학과,생태공학전공,스마트그린공학부 환경에너지공학전공,응용생명과학부 환경생명화학전공,인간환경융합공학부 환경공학과,조경・지역시스템공학부,지구환경공학과,지구환경공학부,지구환경시스템공학과,지구환경시스템공학부,지역환경기반공학전공,토목/환경/자원ㆍ에너지공학부(환경공학전공),통합물관리학과,항공환경전공,해양바이오공학전공,화학환경공학부,환경・에너지공학부 환경안전전공,환경공학과,환경공학과(환경공학전공),환경공학과(환경정책전공),환경공학부,환경공학전공,환경기술공학과,환경방재공학전공,환경생명과학과,환경생태공학부,환경시스템공학과,환경안전경영학과,환경에너지ㆍ방재학부,환경에너지공학,환경에너지공학부,환경융합학부,환경학과,환경학및환경공학과,환경화학공학부(환경공학전공)",653,환경공학과,304
자연계열,"기후변화융합전공,기후변화융합학부,보건환경융합과학부,산림환경과학과,생물환경학과,에코환경과학전공,지구환경과학과,지구환경과학부,지구환경학전공,탄소중립생태전공,해양환경공학과,해양환경과학과,해양환경학과,환경과학과,환경과학전공,환경대기과학전공,환경안전생명과학과,환경안전학전공,환경재료과학과,환경조경학과,환경지질과학전공",654,환경과학과,304
교육계열,환경교육과,10042,환경교육과,304
예체능계열,"건축디자인학과,건축학과 실내건축디자인전공,건축학부 공간디자인전공(5년제),공간디자인전공,공간디자인학과,공공디자인학부,도시공간조형전공,도시환경미술학과,생활문화디자인전공,환경디자인과,환경디자인전공,환경디자인학과,환경디자인학전공,휴먼환경디자인학부",657,환경디자인학과,304
의약계열,"녹색환경시스템전공,보건환경안전학과,산업환경보건학과,환경보건과학과,환경보건전공,환경보건학과,환경행정학과",658,환경보건학과,304
예체능계열,"조각학과,환경조각과,환경조각전공,환경조각학과",660,환경조각학과,304
공학계열,"생물환경화학과,생물환경화학전공,식물자원환경화학부,식물자원환경화학부 환경생명화학전공,에너지환경・화학과,환경생명화학과",661,환경화학과,304
사회계열,"IT파이낸스학과,경영학부 회계학전공,경영학부(회계전공),경영학부(회계학전공),경영회계학과,경영회계학부,경제회계학부,계량위험관리전공,상경학부 회계학전공,융합경영학부 회계금융전공,회계,회계전공,회계정보학전공,회계학과,회계학부,회계학부(회계학전공),회계학전공",662,회계학과,304
예체능계열,"미술학부 회화전공,회화,회화・미디어아트전공,회화과,회화작가전공,회화전공,회화학과,회화학부",663,회화학과,304
사회계열,"e-비즈니스학과,e비즈니스학과,e비즈니스학전공,디지털비즈니스학과,전자상거래학과",666,e-비즈니스학과,304
공학계열,"AI융합전공,AI융합학과,ICT융합공학부,ICT융합콘텐츠전공,ICT융합학부,IoT융합전공,IoT인공지능융합전공,IT・방송영상융합학부(정보통신보안트랙,멀티미디어콘텐츠트랙,인공지능소프트웨어트랙),IT·디자인융합학부,IT미디어공학과,IT미디어공학전공,IT융복합공학과,IT융합공학과,IT융합공학부,IT융합자율학부,IT융합전공,IT융합지능로봇공학과,IT융합학부,IT융합학부 컴퓨터정보·보안전공,IT인공지능학부(인공지능빅데이터트랙/정보통신보안트랙/멀티미디어콘텐츠트랙),IT정보제어공학부(IT융합통신공학전공),IT지능정보공학과,IT콘텐츠전공,IT콘텐츠학과,SW융합학부 지능IOT융합전공,글로컬IT학과,메디컬IT융합공학과,미래기술융합공학과,산학협력단,스마트IT융합학부,스마트이동체 융합시스템공학부,에너지IT공학과,융합IT학과,융합IT학부,융합기술공학부(IT융합기전공학전공),의료IT융합학과,전자IT융합전공,전자공학부(융합IT공학전공),전자정보공학부 IT융합전공,정보융합학부,지능형IT융합학부,창의ICT공과대학,창의융합학과,항공IT학과,해사IT공학부,헬스케어IT학과,휴먼ICT융합전공",21001,IT융합학과,304
